slot,candidate,title,file,bytes
Forest Guardian: claw swing whoosh,1,"Swooshes, Swish, Large Stick, Heavy, Swing, Swoosh, Air","ES_Swooshes, Swish, Large Stick, Heavy, Swing, Swoosh, Air - Epidemic Sound.wav",1976884
Forest Guardian: claw swing whoosh,2,"Swooshes, Whoosh, Deep, Rustling Nice","ES_Swooshes, Whoosh, Deep, Rustling Nice - Epidemic Sound.wav",1710700
Forest Guardian: claw swing whoosh,3,"Swooshes, Swish, Wood Stick, Heavy","ES_Swooshes, Swish, Wood Stick, Heavy - Epidemic Sound.wav",2405156
Forest Guardian: claw impact on hero,1,"Fight, Impact, Claw Attack, Scratch, Slash, Video Game 01","ES_Fight, Impact, Claw Attack, Scratch, Slash, Video Game 01 - Epidemic Sound.wav",3202188
Forest Guardian: claw impact on hero,2,"Fight, Impact, Claw Attack, Scratch, Slash, Video Game 02","ES_Fight, Impact, Claw Attack, Scratch, Slash, Video Game 02 - Epidemic Sound.wav",3082524
Forest Guardian: claw impact on hero,3,"Wood, Impact, Hit, Thud, Heavy, Distant","ES_Wood, Impact, Hit, Thud, Heavy, Distant - Epidemic Sound.wav",691368
Forest Guardian: hurt (creak + growl),1,"Creatures, Elemental, Troll, Short Growl","ES_Creatures, Elemental, Troll, Short Growl - Epidemic Sound.wav",1016618
Forest Guardian: hurt (creak + growl),2,"Creatures, Humanoid, Ogre, In Pain, Light Growl, Short, Variations","ES_Creatures, Humanoid, Ogre, In Pain, Light Growl, Short, Variations - Epidemic Sound.wav",2685166
Forest Guardian: hurt (creak + growl),3,"Wood, Friction, Creak, Old Wooden Furniture, Short, Dry 03","ES_Wood, Friction, Creak, Old Wooden Furniture, Short, Dry 03 - Epidemic Sound.wav",604820
"Forest Guardian: death (crumble, creak, thud)",1,"Wood, Break, Rotten Wood Rotten Wood, Cracking 02","ES_Wood, Break, Rotten Wood Rotten Wood, Cracking 02 - Epidemic Sound.wav",2677696
"Forest Guardian: death (crumble, creak, thud)",2,"Wood, Break, Tree Crack, Fall 04","ES_Wood, Break, Tree Crack, Fall 04 - Epidemic Sound.wav",2170494
"Forest Guardian: death (crumble, creak, thud)",3,"Wood, Break, Large Tree, Heavy Fall 03","ES_Wood, Break, Large Tree, Heavy Fall 03 - Epidemic Sound.wav",2350920
Forest Guardian: footsteps (heavy wooden),1,"Creatures, Humanoid, Giant, Footstep, Massive, Distant, Heavy 01","ES_Creatures, Humanoid, Giant, Footstep, Massive, Distant, Heavy 01 - Epidemic Sound.wav",624944
Forest Guardian: footsteps (heavy wooden),2,"Footsteps, Human, Stomp, Moss, Twigs, Rotten Wood, Distant, Forest, Oslo 04 Schoeps (MS)","ES_Footsteps, Human, Stomp, Moss, Twigs, Rotten Wood, Distant, Forest, Oslo 04 Schoeps (MS) - Epidemic Sound.wav",12149222
Forest Guardian: footsteps (heavy wooden),3,"Creatures, Elemental, Troll, Rock Giant, Movement 15","ES_Creatures, Elemental, Troll, Rock Giant, Movement 15 - Epidemic Sound.wav",2711018
Root Swarm: bite / snap,1,"Fight, Misc, Monster Bite","ES_Fight, Misc, Monster Bite - Epidemic Sound.wav",10803070
Root Swarm: bite / snap,2,"Food & Drink, Eating, Bite Carrot","ES_Food & Drink, Eating, Bite Carrot - Epidemic Sound.wav",534216
Root Swarm: bite / snap,3,"Food & Drink, Eating, Bite Teeth Together","ES_Food & Drink, Eating, Bite Teeth Together - Epidemic Sound.wav",439016
Root Swarm: scuttle / skitter,1,"Footsteps, Animal, Insect, Movement, Scuttle, Leaves, Undergrowth 02","ES_Footsteps, Animal, Insect, Movement, Scuttle, Leaves, Undergrowth 02 - Epidemic Sound.wav",864198
Root Swarm: scuttle / skitter,2,"Footsteps, Animal, Insect, Scuttle, Undergrowth, Leaves, Dirt 01","ES_Footsteps, Animal, Insect, Scuttle, Undergrowth, Leaves, Dirt 01 - Epidemic Sound.wav",1751342
Root Swarm: scuttle / skitter,3,"Footsteps, Animal, Designed Tiny Animal Footsteps, Skittering, Wooden Surface 04","ES_Footsteps, Animal, Designed Tiny Animal Footsteps, Skittering, Wooden Surface 04 - Epidemic Sound.wav",5479158
Root Swarm: hurt squeak,1,"Creatures, Small, Sheitan's Baby, Voice 03","ES_Creatures, Small, Sheitan's Baby, Voice 03 - Epidemic Sound.wav",500890
Root Swarm: hurt squeak,2,"Creatures, Small, Weird Dog, Voice 17","ES_Creatures, Small, Weird Dog, Voice 17 - Epidemic Sound.wav",329218
Root Swarm: hurt squeak,3,"Animals, Rodent, Squeak, Single 01","ES_Animals, Rodent, Squeak, Single 01 - Epidemic Sound.wav",223694
Root Swarm: death pop / crunch,1,"Vegetation, Tree, Stick, Thin, Snap, Break","ES_Vegetation, Tree, Stick, Thin, Snap, Break - Epidemic Sound.wav",647104
Root Swarm: death pop / crunch,2,"Animals, Insect, Snail, Squash, Crush","ES_Animals, Insect, Snail, Squash, Crush - Epidemic Sound.wav",1020982
Root Swarm: death pop / crunch,3,"Food & Drink, Misc, Potato Chips, Crisps, Snap, Crunch Up In Fingers","ES_Food & Drink, Misc, Potato Chips, Crisps, Snap, Crunch Up In Fingers - Epidemic Sound.wav",559632
Forest Bud: spit / pop volley,1,"Toys, Misc, Pea Shooter, Shoot, Release, Deep, Single","ES_Toys, Misc, Pea Shooter, Shoot, Release, Deep, Single - Epidemic Sound.wav",437942
Forest Bud: spit / pop volley,2,"Food & Drink, Glassware, Bottle, Glass, Cork, Open, Pop","ES_Food & Drink, Glassware, Bottle, Glass, Cork, Open, Pop - Epidemic Sound.wav",172984
Forest Bud: spit / pop volley,3,"Air, Blow, Human Blow Through Small Pipe, Short Burst","ES_Air, Blow, Human Blow Through Small Pipe, Short Burst - Epidemic Sound.wav",558122
Forest Bud: fruit splat on ground,1,"Cartoon, Splat, Wet","ES_Cartoon, Splat, Wet - Epidemic Sound.wav",282046
Forest Bud: fruit splat on ground,2,"Food & Drink, Cooking, Vegetable, Fruit, Canary Melon, Impact","ES_Food & Drink, Cooking, Vegetable, Fruit, Canary Melon, Impact - Epidemic Sound.wav",2143888
Forest Bud: fruit splat on ground,3,"Cartoon, Splat, Squelch, Wet","ES_Cartoon, Splat, Squelch, Wet - Epidemic Sound.wav",835550
Forest Bud: acid puddle sizzle / bubbling,1,"Chemicals, Acid, Burn, Short Sizzle, Fizz","ES_Chemicals, Acid, Burn, Short Sizzle, Fizz - Epidemic Sound.wav",3000644
Forest Bud: acid puddle sizzle / bubbling,2,"Chemicals, Acid, Bubbling, Sizzling, Close","ES_Chemicals, Acid, Bubbling, Sizzling, Close - Epidemic Sound.wav",8705080
Forest Bud: acid puddle sizzle / bubbling,3,"Burn, Short Sizzle, Fizz 12","ES_Burn, Short Sizzle, Fizz 12 - Epidemic Sound.wav",1365824
Forest Bud: hurt,1,"Vegetation, Leaves, Fresh Plant, Shake, Rustle, Leaves","ES_Vegetation, Leaves, Fresh Plant, Shake, Rustle, Leaves - Epidemic Sound.wav",6487432
Forest Bud: hurt,2,"Creatures, Small, Gurgling, Bubble","ES_Creatures, Small, Gurgling, Bubble - Epidemic Sound.wav",711206
Forest Bud: hurt,3,"Vegetation, Leaves, Flower, Scrunch, Tear","ES_Vegetation, Leaves, Flower, Scrunch, Tear - Epidemic Sound.wav",769772
Forest Bud: death (squelch / burst),1,"Vegetation, Leaves, Fresh Plant, Tear, Twist, Crunch, Crackle, Leaves, Stem 01","ES_Vegetation, Leaves, Fresh Plant, Tear, Twist, Crunch, Crackle, Leaves, Stem 01 - Epidemic Sound.wav",2993980
Forest Bud: death (squelch / burst),2,"Slime, Movement, Fast 05","ES_Slime, Movement, Fast 05 - Epidemic Sound.wav",524690
Forest Bud: death (squelch / burst),3,"Gore, Bone, Break, Crunch, Wet, Flesh, Vegetables 07","ES_Gore, Bone, Break, Crunch, Wet, Flesh, Vegetables 07 - Epidemic Sound.wav",1159724
Stonehoof: snort / paw windup,1,"Animals, Farm, Pig, Big, Snorts, Grunts","ES_Animals, Farm, Pig, Big, Snorts, Grunts - Epidemic Sound.wav",1204392
Stonehoof: snort / paw windup,2,"Wood, Movement, Pole, Scrape On Hard Ground 02","ES_Wood, Movement, Pole, Scrape On Hard Ground 02 - Epidemic Sound.wav",797450
Stonehoof: snort / paw windup,3,"Creatures, Monster, Snort","ES_Creatures, Monster, Snort - Epidemic Sound.wav",5494780
Stonehoof: charge rumble / gallop,1,"Animals, Wild, Foley Stage, Large Animal Stampede 01","ES_Animals, Wild, Foley Stage, Large Animal Stampede 01 - Epidemic Sound.wav",10989638
Stonehoof: charge rumble / gallop,2,"Animals, Horse, Foley Stage, Horse Galloping Dirt 01","ES_Animals, Horse, Foley Stage, Horse Galloping Dirt 01 - Epidemic Sound.wav",9578678
Stonehoof: charge rumble / gallop,3,"Designed, Rumble, Low Sub","ES_Designed, Rumble, Low Sub - Epidemic Sound.wav",3525274
Stonehoof: collision heavy thud,1,"Wood, Impact, Deep Thud","ES_Wood, Impact, Deep Thud - Epidemic Sound.wav",235118
Stonehoof: collision heavy thud,2,"Rocks, Impact, Big, Crash, Boomy, Thud, Variations 01","ES_Rocks, Impact, Big, Crash, Boomy, Thud, Variations 01 - Epidemic Sound.wav",7386242
Stonehoof: collision heavy thud,3,"Designed, Impact, Sudden, Heavy, Percussive Hit","ES_Designed, Impact, Sudden, Heavy, Percussive Hit - Epidemic Sound.wav",973676
Stonehoof: tusk swipe,1,"Swooshes, Whoosh, Heavy, Hard, Fast, Impact","ES_Swooshes, Whoosh, Heavy, Hard, Fast, Impact - Epidemic Sound.wav",1979332
Stonehoof: tusk swipe,2,"Swooshes, Swish, Axe, Battle Axe, Large Object, Swing, Swoosh","ES_Swooshes, Swish, Axe, Battle Axe, Large Object, Swing, Swoosh - Epidemic Sound.wav",2040034
Stonehoof: tusk swipe,3,"Wood, Friction, Scrape, Sharp Pointed Object","ES_Wood, Friction, Scrape, Sharp Pointed Object - Epidemic Sound.wav",2799396
Stonehoof: hurt squeal-grunt,1,"Pig, Grunt, Squeal, Inside Barn, Wet, Sloppy, Mud 05","ES_Pig, Grunt, Squeal, Inside Barn, Wet, Sloppy, Mud 05 - Epidemic Sound.wav",1478522
Stonehoof: hurt squeal-grunt,2,"Animals, Farm, Pig, Tamworth, Grunt, Angry 01","ES_Animals, Farm, Pig, Tamworth, Grunt, Angry 01 - Epidemic Sound.wav",1132428
Stonehoof: hurt squeal-grunt,3,"Animals, Farm, Pig, Grunts, Squeals","ES_Animals, Farm, Pig, Grunts, Squeals - Epidemic Sound.wav",3714212
Stonehoof: death,1,"Animals, Farm, Pig, Grunts, Scream","ES_Animals, Farm, Pig, Grunts, Scream - Epidemic Sound.wav",5228450
Stonehoof: death,2,"Wood, Break, Logs, Impact, Debris","ES_Wood, Break, Logs, Impact, Debris - Epidemic Sound.wav",4638120
Stonehoof: death,3,"Animals, Farm, Pig, Guttural Grunt, Vocalization, Sniff","ES_Animals, Farm, Pig, Guttural Grunt, Vocalization, Sniff - Epidemic Sound.wav",1536184
Wendigo: claw swipe,1,"Fight, Impact, Claw Attack, Scratch, Slash, Fast Movement, Swishes","ES_Fight, Impact, Claw Attack, Scratch, Slash, Fast Movement, Swishes - Epidemic Sound.wav",3762970
Wendigo: claw swipe,2,"Swooshes, Swish, Fast, Double Swish, Variations","ES_Swooshes, Swish, Fast, Double Swish, Variations - Epidemic Sound.wav",2732126
Wendigo: leap takeoff,1,"Fight, Misc, Dodge, Evade, Roll, Jump Away","ES_Fight, Misc, Dodge, Evade, Roll, Jump Away - Epidemic Sound.wav",5134768
Wendigo: leap takeoff,2,"Swooshes, Whoosh, Short, Deep Reversed, Dry","ES_Swooshes, Whoosh, Short, Deep Reversed, Dry - Epidemic Sound.wav",505996
Wendigo: heavy landing,1,"Wood, Impact, Heavy Log, Drop To Ground, Thump, Dirt (3.0)","ES_Wood, Impact, Heavy Log, Drop To Ground, Thump, Dirt (3.0) - Epidemic Sound.wav",10115402
Wendigo: heavy landing,2,"Rocks, Impact, Heavy, Drop On Ground, Grit","ES_Rocks, Impact, Heavy, Drop On Ground, Grit - Epidemic Sound.wav",1260676
Wendigo: heavy landing,3,"Fight, Bodyfall, Ground, Dirt, Short 01","ES_Fight, Bodyfall, Ground, Dirt, Short 01 - Epidemic Sound.wav",6871806
Wendigo: howl / roar (eerie),1,"Animals, Wild, Elk, Classic Bugle","ES_Animals, Wild, Elk, Classic Bugle - Epidemic Sound.wav",3168162
Wendigo: howl / roar (eerie),2,"Creatures, Monster, Wendigo, Spirit, Vocalizations, Shriek, Scary, Horror 01","ES_Creatures, Monster, Wendigo, Spirit, Vocalizations, Shriek, Scary, Horror 01 - Epidemic Sound.wav",11431208
Wendigo: howl / roar (eerie),3,"Creatures, Humanoid, Werewolf, Wolf, Howling, Distant","ES_Creatures, Humanoid, Werewolf, Wolf, Howling, Distant - Epidemic Sound.wav",23905826
Wendigo: 360 sweep,1,"Swooshes, Swish, Spinning, Long, Spinning","ES_Swooshes, Swish, Spinning, Long, Spinning - Epidemic Sound.wav",1787306
Wendigo: 360 sweep,2,"Swooshes, Swish, Rope, Lasso, Spin In Air, Fast 02","ES_Swooshes, Swish, Rope, Lasso, Spin In Air, Fast 02 - Epidemic Sound.wav",2073780
Wendigo: 360 sweep,3,"Swooshes, Whoosh, Deep, Low, Cinematic","ES_Swooshes, Whoosh, Deep, Low, Cinematic - Epidemic Sound.wav",1403670
Wendigo: hurt,1,"Creatures, Monster, Wendigo, Spirit, Chuff, Etheral, Horror 01","ES_Creatures, Monster, Wendigo, Spirit, Chuff, Etheral, Horror 01 - Epidemic Sound.wav",11000736
Wendigo: hurt,2,"Creatures, Monster, Evil Beast, Growl, Groan","ES_Creatures, Monster, Evil Beast, Growl, Groan - Epidemic Sound.wav",2831466
Wendigo: death,1,"Creatures, Monster, Ill Or Dying, Moan","ES_Creatures, Monster, Ill Or Dying, Moan - Epidemic Sound.wav",1349232
Wendigo: death,2,"Creatures, Monster, Monster, Sputtering, Roar","ES_Creatures, Monster, Monster, Sputtering, Roar - Epidemic Sound.wav",2300142
Wendigo: death,3,"Vegetation, Tree, Bark, Twigs Breaking 02","ES_Vegetation, Tree, Bark, Twigs Breaking 02 - Epidemic Sound.wav",1856354
Thorncaster: thorn spikes erupting (sequential),1,"Wood, Break, Impact, Twigs Breaking, Forest, Snap, Crunchy, Oslo MKH8060 (Shotgun)","ES_Wood, Break, Impact, Twigs Breaking, Forest, Snap, Crunchy, Oslo MKH8060 (Shotgun) - Epidemic Sound.wav",4954790
Thorncaster: thorn spikes erupting (sequential),2,"Tools, Hand, Shovel, Spade, Dig Into Ground x6","ES_Tools, Hand, Shovel, Spade, Dig Into Ground x6 - Epidemic Sound.wav",2165324
Thorncaster: thorn spikes erupting (sequential),3,"Vegetation, Tree, Bark, Twigs Breaking 01","ES_Vegetation, Tree, Bark, Twigs Breaking 01 - Epidemic Sound.wav",3015488
Thorncaster: thorn burst,1,"Wood, Break, Panel, Plywood, Bend, Splinter, Snap 03","ES_Wood, Break, Panel, Plywood, Bend, Splinter, Snap 03 - Epidemic Sound.wav",1314308
Thorncaster: thorn burst,2,"Wood, Break, Ukulele, Thin, Smash 01","ES_Wood, Break, Ukulele, Thin, Smash 01 - Epidemic Sound.wav",576166
Thorncaster: thorn burst,3,"Wood Breaking, Twigs 07","ES_Wood Breaking, Twigs 07 - Epidemic Sound.wav",296348
Thorncaster: thorn projectile whoosh + wooden impact,1,"Weapons, Arrow, Arrows, Shot 05, Flyby, Swish, Sanken (Omni AB)","ES_Weapons, Arrow, Arrows, Shot 05, Flyby, Swish, Sanken (Omni AB) - Epidemic Sound.wav",912840
Thorncaster: thorn projectile whoosh + wooden impact,2,"Weapons, Arrow, Arrow Impact, Wooden 01","ES_Weapons, Arrow, Arrow Impact, Wooden 01 - Epidemic Sound.wav",1088112
Thorncaster: thorn projectile whoosh + wooden impact,3,"Weapons, Arrow, Arrow Impact, Wooden Hit","ES_Weapons, Arrow, Arrow Impact, Wooden Hit - Epidemic Sound.wav",959816
Thorncaster: hurt,1,"Creatures, Elemental, Troll, Growl","ES_Creatures, Elemental, Troll, Growl - Epidemic Sound.wav",1702370
Thorncaster: hurt,2,"Vegetation, Leaves, Bush, Twig Breaks","ES_Vegetation, Leaves, Bush, Twig Breaks - Epidemic Sound.wav",3262264
Thorncaster: death,1,"Vegetation, Tree, Branches Snapping Heavy 02","ES_Vegetation, Tree, Branches Snapping Heavy 02 - Epidemic Sound.wav",9315630
Thorncaster: death,2,"Wood, Break, Snapping, Branches, Trees Sticks","ES_Wood, Break, Snapping, Branches, Trees Sticks - Epidemic Sound.wav",23531034
Thorncaster: death,3,"Creatures, Humanoid, Giant, Troll, Reactions, Pain, Dying, Hurt, Various 02","ES_Creatures, Humanoid, Giant, Troll, Reactions, Pain, Dying, Hurt, Various 02 - Epidemic Sound.wav",4118592
Root Snarer: heavy slam into ground,1,"Designed, Impact, Troll, Fight, Impact Rock Ground 07","ES_Designed, Impact, Troll, Fight, Impact Rock Ground 07 - Epidemic Sound.wav",1377632
Root Snarer: heavy slam into ground,2,"Natural Disaster, Earthquake, Impact, Small Crack 01","ES_Natural Disaster, Earthquake, Impact, Small Crack 01 - Epidemic Sound.wav",3364022
Root Snarer: heavy slam into ground,3,"Wood, Impact, Big Log, Timber, Drop, Drag On Gravel, Dirt, Heavy (3.0)","ES_Wood, Impact, Big Log, Timber, Drop, Drag On Gravel, Dirt, Heavy (3.0) - Epidemic Sound.wav",9298130
Root Snarer: roots erupting from ground,1,"Vegetation, Misc, Plant, Vines, Growing, Up From Ground, Crawling 02","ES_Vegetation, Misc, Plant, Vines, Growing, Up From Ground, Crawling 02 - Epidemic Sound.wav",5116620
Root Snarer: roots erupting from ground,2,"Vegetation, Misc, Plant, Vines, Growing, Movement, Creaks, Ground, Dirt, Crawling","ES_Vegetation, Misc, Plant, Vines, Growing, Movement, Creaks, Ground, Dirt, Crawling - Epidemic Sound.wav",9340602
Root Snarer: roots erupting from ground,3,"Vegetation, Misc, Break, Roots Pulled Out Of Ground","ES_Vegetation, Misc, Break, Roots Pulled Out Of Ground - Epidemic Sound.wav",22651572
Root Snarer: healing channel / nature heal,1,"Magic, Shimmer, Spell, Pad, Ethereal, Nature Magic, Idle, Complex","ES_Magic, Shimmer, Spell, Pad, Ethereal, Nature Magic, Idle, Complex - Epidemic Sound.wav",18183434
Root Snarer: healing channel / nature heal,2,"Musical, Chime, Twinkle, Wood, Positive 05","ES_Musical, Chime, Twinkle, Wood, Positive 05 - Epidemic Sound.wav",1249036
Root Snarer: healing channel / nature heal,3,"Magic, Angelic, Heal 01","ES_Magic, Angelic, Heal 01 - Epidemic Sound.wav",1468952
Root Snarer: hurt,1,"Vegetation, Grass, Foliage, Moss, Squish","ES_Vegetation, Grass, Foliage, Moss, Squish - Epidemic Sound.wav",1582958
Root Snarer: hurt,2,"Creatures, Elemental, Troll, Angry Growl","ES_Creatures, Elemental, Troll, Angry Growl - Epidemic Sound.wav",1503500
Root Snarer: death,1,"Wood, Break, Rotten Wood Rotten Wood, Cracking 01","ES_Wood, Break, Rotten Wood Rotten Wood, Cracking 01 - Epidemic Sound.wav",4318720
Root Snarer: death,2,"Creatures, Humanoid, Giant, Male, Groan","ES_Creatures, Humanoid, Giant, Male, Groan - Epidemic Sound.wav",2016168
Root Snarer: death,3,"Vegetation, Misc, Rotten Wood, Push Move On Ground, Soil And Dry Leaves, Forest","ES_Vegetation, Misc, Rotten Wood, Push Move On Ground, Soil And Dry Leaves, Forest - Epidemic Sound.wav",2953156
Splitter: bite,1,"Animals, Insect, Caterpillar, Bite, Eat Leaf 04","ES_Animals, Insect, Caterpillar, Bite, Eat Leaf 04 - Epidemic Sound.wav",539834
Splitter: bite,2,"Food & Drink, Eating, Eat, Bite, Crunch, Peanuts, Single","ES_Food & Drink, Eating, Eat, Bite, Crunch, Peanuts, Single - Epidemic Sound.wav",335724
Splitter: rolling ball rumble,1,"Wood, Movement, Wood Ball, Short Roll Inside Structure 01 (MS)","ES_Wood, Movement, Wood Ball, Short Roll Inside Structure 01 (MS) - Epidemic Sound.wav",10461276
Splitter: rolling ball rumble,2,"Swooshes, Whoosh, Wood, Roll Long","ES_Swooshes, Whoosh, Wood, Roll Long - Epidemic Sound.wav",3522210
Splitter: rolling ball rumble,3,"Rocks, Movement, Stone, Roll On Wood, Pass By, Very Fast","ES_Rocks, Movement, Stone, Roll On Wood, Pass By, Very Fast - Epidemic Sound.wav",691386
Splitter: shell crack / split,1,"Vegetation, Tree, Seedpod, Flamboyant Tree, Snap, Break (скачан: Vegetation, Tree, Seedpod, Flamboyant Tree, Shake)","ES_Vegetation, Tree, Seedpod, Flamboyant Tree, Shake - Epidemic Sound.wav",760642
Splitter: shell crack / split,2,"Food & Drink, Ingredients, Nut, Peanut, Shell, Crush 03","ES_Food & Drink, Ingredients, Nut, Peanut, Shell, Crush 03 - Epidemic Sound.wav",501472
Splitter: shell crack / split,3,"Food & Drink, Ingredients, Hazelnuts, Crack Open, Nutcracker 01","ES_Food & Drink, Ingredients, Hazelnuts, Crack Open, Nutcracker 01 - Epidemic Sound.wav",16496832
Splitter: small creature pop / hop,1,"Wood, Impact, Thump, Hit, Hollow 02","ES_Wood, Impact, Thump, Hit, Hollow 02 - Epidemic Sound.wav",484640
Splitter: small creature pop / hop,2,"Seedpod, Flamboyant Tree, Shake 02","ES_Seedpod, Flamboyant Tree, Shake 02 - Epidemic Sound.wav",395420
Splitter: small creature pop / hop,3,"Creatures, Small, Misc, Granular, Bouncing","ES_Creatures, Small, Misc, Granular, Bouncing - Epidemic Sound.wav",6232852
Splitter: hurt,1,"Creatures, Misc, Goblin's Pug, Voice 02","ES_Creatures, Misc, Goblin's Pug, Voice 02 - Epidemic Sound.wav",881210
Splitter: hurt,2,"Creatures, Small, Weird Dog, Voice 14","ES_Creatures, Small, Weird Dog, Voice 14 - Epidemic Sound.wav",621808
Splitter: death,1,"Food & Drink, Ingredients, Egg, Shell, Crack, Break, Crush 03","ES_Food & Drink, Ingredients, Egg, Shell, Crack, Break, Crush 03 - Epidemic Sound.wav",1849606
Splitter: death,2,"Wood, Break, Wooden Panel, Snap 01","ES_Wood, Break, Wooden Panel, Snap 01 - Epidemic Sound.wav",681602
Splitter: death,3,"Creatures, Small, Sheitan's Baby, Voice 08","ES_Creatures, Small, Sheitan's Baby, Voice 08 - Epidemic Sound.wav",910846
Generic: layered kill impact (crack + thump),1,"Games, Video, Video Game, Wood Break, Fat, Log","ES_Games, Video, Video Game, Wood Break, Fat, Log - Epidemic Sound.wav",1836176
Generic: layered kill impact (crack + thump),2,"Fight, Impact, Magic Hits, Thick, Punchy","ES_Fight, Impact, Magic Hits, Thick, Punchy - Epidemic Sound.wav",2803496
Generic: layered kill impact (crack + thump),3,"Wood, Crash & Debris, Impact, Wood, Break 01","ES_Wood, Crash & Debris, Impact, Wood, Break 01 - Epidemic Sound.wav",3190188
Generic: essence motes absorbed,1,"Magic, Shimmer, Spell, Cast, Absorb Barrier, Twinkle, Glimmer 01","ES_Magic, Shimmer, Spell, Cast, Absorb Barrier, Twinkle, Glimmer 01 - Epidemic Sound.wav",3259628
Generic: essence motes absorbed,2,"Swooshes, Whoosh, Christmas, Magic Sparkle, Windy","ES_Swooshes, Whoosh, Christmas, Magic Sparkle, Windy - Epidemic Sound.wav",4104178
Generic: essence motes absorbed,3,"Magic, Spell, Magic, Gain, Positive","ES_Magic, Spell, Magic, Gain, Positive - Epidemic Sound.wav",1350506
Generic: hero stunned (daze ring),1,"Designed, Synthetic, Ringing In Ears, Tinnitus, Delay","ES_Designed, Synthetic, Ringing In Ears, Tinnitus, Delay - Epidemic Sound.wav",3093800
Generic: hero stunned (daze ring),2,"Metal, Tonal, Impact, Metal Bowl, Bell Like, Ring Out","ES_Metal, Tonal, Impact, Metal Bowl, Bell Like, Ring Out - Epidemic Sound.wav",2732144
Generic: hero stunned (daze ring),3,"Bells, Misc, Small Bell, Hit, Metal Bing, Nice Ring","ES_Bells, Misc, Small Bell, Hit, Metal Bing, Nice Ring - Epidemic Sound.wav",1733982
Generic: hero rooted (roots wrapping),1,"Vegetation, Leaves, Squeeze, Tightening","ES_Vegetation, Leaves, Squeeze, Tightening - Epidemic Sound.wav",6588456
Generic: hero rooted (roots wrapping),2,"Vegetation, Misc, Plant, Vines, Growing, Movement, Creaks, Rubbery Vines","ES_Vegetation, Misc, Plant, Vines, Growing, Movement, Creaks, Rubbery Vines - Epidemic Sound.wav",9579388
Generic: hero rooted (roots wrapping),3,"Creatures, Monster, Creature Feet, Vine","ES_Creatures, Monster, Creature Feet, Vine - Epidemic Sound.wav",7026186
