time,tick,entity,kind,alive,state,phase,transition,x,y,z,minY,height,clipSeconds
0.0167,0,1,ForestGuardian,True,-2089788878,0.9914,False,6.5500,0.0000,5.0000,-0.1679,2.4737,5.3333
0.0333,0,1,ForestGuardian,True,-2089788878,0.9946,False,6.5500,0.0000,5.0000,-0.1679,2.4734,5.3333
0.0500,1,1,ForestGuardian,True,-2089788878,0.9977,False,6.5500,0.0000,5.0000,-0.1679,2.4732,5.3333
0.0667,1,1,ForestGuardian,True,-2089788878,1.0008,False,6.5500,0.0000,5.0000,-0.1678,2.4730,5.3333
0.0833,2,1,ForestGuardian,True,-2089788878,1.0039,False,6.5500,0.0000,5.0000,-0.1679,2.4730,5.3333
0.1000,2,1,ForestGuardian,True,-2089788878,1.0071,False,6.5500,0.0000,5.0000,-0.1679,2.4731,5.3333
0.1167,3,1,ForestGuardian,True,-2089788878,1.0102,False,6.5500,0.0000,5.0000,-0.1679,2.4733,5.3333
0.1333,3,1,ForestGuardian,True,-2089788878,1.0133,False,6.5500,0.0000,5.0000,-0.1678,2.4734,5.3333
0.1500,4,1,ForestGuardian,True,-2089788878,1.0164,False,6.5500,0.0000,5.0000,-0.1678,2.4736,5.3333
0.1667,4,1,ForestGuardian,True,-2089788878,1.0196,False,6.5500,0.0000,5.0000,-0.1677,2.4738,5.3333
0.1833,5,1,ForestGuardian,True,-2089788878,1.0227,False,6.5500,0.0000,5.0000,-0.1677,2.4740,5.3333
0.2000,5,1,ForestGuardian,True,-2089788878,1.0258,False,6.5500,0.0000,5.0000,-0.1677,2.4742,5.3333
0.2167,6,1,ForestGuardian,True,-2089788878,1.0289,False,6.5500,0.0000,5.0000,-0.1677,2.4744,5.3333
0.2333,6,1,ForestGuardian,True,-2089788878,1.0321,False,6.5500,0.0000,5.0000,-0.1677,2.4746,5.3333
0.2500,7,1,ForestGuardian,True,-2089788878,1.0352,False,6.5500,0.0000,5.0000,-0.1678,2.4748,5.3333
0.2667,7,1,ForestGuardian,True,-2089788878,1.0383,False,6.5500,0.0000,5.0000,-0.1678,2.4750,5.3333
0.2833,8,1,ForestGuardian,True,-2089788878,1.0414,False,6.5500,0.0000,5.0000,-0.1679,2.4752,5.3333
0.3000,8,1,ForestGuardian,True,-2089788878,1.0446,False,6.5500,0.0000,5.0000,-0.1680,2.4754,5.3333
0.3167,9,1,ForestGuardian,True,-2089788878,1.0477,False,6.5500,0.0000,5.0000,-0.1680,2.4756,5.3333
0.3333,9,1,ForestGuardian,True,-2089788878,1.0508,False,6.5500,0.0000,5.0000,-0.1681,2.4757,5.3333
0.3500,10,1,ForestGuardian,True,-2089788878,1.0539,False,6.5500,0.0000,5.0000,-0.1682,2.4758,5.3333
0.3667,10,1,ForestGuardian,True,-2089788878,1.0571,False,6.5500,0.0000,5.0000,-0.1683,2.4759,5.3333
0.3833,11,1,ForestGuardian,True,-2089788878,1.0602,False,6.5500,0.0000,5.0000,-0.1684,2.4761,5.3333
0.4000,11,1,ForestGuardian,True,-2089788878,1.0633,False,6.5500,0.0000,5.0000,-0.1685,2.4764,5.3333
0.4167,12,1,ForestGuardian,True,-2089788878,1.0664,False,6.5500,0.0000,5.0000,-0.1686,2.4767,5.3333
0.4333,12,1,ForestGuardian,True,-2089788878,1.0696,False,6.5500,0.0000,5.0000,-0.1688,2.4772,5.3333
0.4500,13,1,ForestGuardian,True,-2089788878,1.0727,False,6.5500,0.0000,5.0000,-0.1689,2.4777,5.3333
0.4667,13,1,ForestGuardian,True,-2089788878,1.0758,False,6.5500,0.0000,5.0000,-0.1691,2.4783,5.3333
0.4833,14,1,ForestGuardian,True,-2089788878,1.0789,False,6.5500,0.0000,5.0000,-0.1692,2.4789,5.3333
0.5000,14,1,ForestGuardian,True,-2089788878,1.0821,False,6.5500,0.0000,5.0000,-0.1694,2.4795,5.3333
0.5167,15,1,ForestGuardian,True,-2089788878,1.0852,False,6.5500,0.0000,5.0000,-0.1695,2.4800,5.3333
0.5333,15,1,ForestGuardian,True,-2089788878,1.0883,False,6.5500,0.0000,5.0000,-0.1697,2.4806,5.3333
0.5500,16,1,ForestGuardian,True,-2089788878,1.0914,False,6.5500,0.0000,5.0000,-0.1698,2.4811,5.3333
0.5667,16,1,ForestGuardian,True,-2089788878,1.0946,False,6.5500,0.0000,5.0000,-0.1700,2.4816,5.3333
0.5833,17,1,ForestGuardian,True,-2089788878,1.0977,False,6.5500,0.0000,5.0000,-0.1701,2.4821,5.3333
0.6000,17,1,ForestGuardian,True,-2089788878,1.1008,False,6.5500,0.0000,5.0000,-0.1702,2.4826,5.3333
0.6167,18,1,ForestGuardian,True,-2089788878,1.1039,False,6.5500,0.0000,5.0000,-0.1703,2.4831,5.3333
0.6333,18,1,ForestGuardian,True,-2089788878,1.1071,False,6.5500,0.0000,5.0000,-0.1704,2.4835,5.3333
0.6500,19,1,ForestGuardian,True,-2089788878,1.1102,False,6.5500,0.0000,5.0000,-0.1705,2.4840,5.3333
0.6667,19,1,ForestGuardian,True,-2089788878,1.1133,False,6.5500,0.0000,5.0000,-0.1707,2.4845,5.3333
0.6833,20,1,ForestGuardian,True,-2089788878,1.1164,False,6.5500,0.0000,5.0000,-0.1708,2.4850,5.3333
0.7000,20,1,ForestGuardian,True,-2089788878,1.1196,False,6.5500,0.0000,5.0000,-0.1710,2.4854,5.3333
0.7167,21,1,ForestGuardian,True,-2089788878,1.1227,False,6.5500,0.0000,5.0000,-0.1712,2.4858,5.3333
0.7333,21,1,ForestGuardian,True,-2089788878,1.1258,False,6.5500,0.0000,5.0000,-0.1714,2.4861,5.3333
0.7500,22,1,ForestGuardian,True,-2089788878,1.1289,False,6.5500,0.0000,5.0000,-0.1716,2.4864,5.3333
0.7667,22,1,ForestGuardian,True,-2089788878,1.1321,False,6.5500,0.0000,5.0000,-0.1718,2.4867,5.3333
0.7833,23,1,ForestGuardian,True,-2089788878,1.1352,False,6.5500,0.0000,5.0000,-0.1719,2.4870,5.3333
0.8000,23,1,ForestGuardian,True,-2089788878,1.1383,False,6.5500,0.0000,5.0000,-0.1721,2.4872,5.3333
0.8167,24,1,ForestGuardian,True,-2089788878,1.1414,False,6.5500,0.0000,5.0000,-0.1722,2.4873,5.3333
0.8333,24,1,ForestGuardian,True,-2089788878,1.1446,False,6.5500,0.0000,5.0000,-0.1723,2.4874,5.3333
0.8500,25,1,ForestGuardian,True,-2089788878,1.1477,False,6.5500,0.0000,5.0000,-0.1723,2.4874,5.3333
0.8667,25,1,ForestGuardian,True,-2089788878,1.1508,False,6.5500,0.0000,5.0000,-0.1724,2.4873,5.3333
0.8833,26,1,ForestGuardian,True,-2089788878,1.1539,False,6.5500,0.0000,5.0000,-0.1725,2.4871,5.3333
0.9000,26,1,ForestGuardian,True,-2089788878,1.1571,False,6.5500,0.0000,5.0000,-0.1726,2.4869,5.3333
0.9167,27,1,ForestGuardian,True,-2089788878,1.1602,False,6.5500,0.0000,5.0000,-0.1726,2.4867,5.3333
0.9333,27,1,ForestGuardian,True,-2089788878,1.1633,False,6.5500,0.0000,5.0000,-0.1727,2.4865,5.3333
0.9500,28,1,ForestGuardian,True,-2089788878,1.1664,False,6.5500,0.0000,5.0000,-0.1727,2.4863,5.3333
0.9667,28,1,ForestGuardian,True,-2089788878,1.1696,False,6.5500,0.0000,5.0000,-0.1727,2.4862,5.3333
0.9833,29,1,ForestGuardian,True,-2089788878,1.1727,False,6.5500,0.0000,5.0000,-0.1727,2.4861,5.3333
1.0000,29,1,ForestGuardian,True,-2089788878,1.1758,False,6.5500,0.0000,5.0000,-0.1727,2.4860,5.3333
1.0167,30,1,ForestGuardian,True,-2089788878,1.1789,False,6.5500,0.0000,5.0000,-0.1726,2.4860,5.3333
1.0333,30,1,ForestGuardian,True,-2089788878,1.1821,False,6.5500,0.0000,5.0000,-0.1725,2.4859,5.3333
1.0500,31,1,ForestGuardian,True,-2089788878,1.1852,False,6.5500,0.0000,5.0000,-0.1724,2.4859,5.3333
1.0667,31,1,ForestGuardian,True,-2089788878,1.1883,False,6.5500,0.0000,5.0000,-0.1723,2.4858,5.3333
1.0833,32,1,ForestGuardian,True,-2089788878,1.1914,False,6.5500,0.0000,5.0000,-0.1721,2.4857,5.3333
1.1000,32,1,ForestGuardian,True,-2089788878,1.1946,False,6.5500,0.0000,5.0000,-0.1719,2.4856,5.3333
1.1167,33,1,ForestGuardian,True,-2089788878,1.1977,False,6.5500,0.0000,5.0000,-0.1717,2.4855,5.3333
1.1333,33,1,ForestGuardian,True,-2089788878,1.2008,False,6.5500,0.0000,5.0000,-0.1714,2.4854,5.3333
1.1500,34,1,ForestGuardian,True,-2089788878,1.2039,False,6.5500,0.0000,5.0000,-0.1712,2.4853,5.3333
1.1667,34,1,ForestGuardian,True,-2089788878,1.2071,False,6.5500,0.0000,5.0000,-0.1710,2.4851,5.3333
1.1833,35,1,ForestGuardian,True,-2089788878,1.2102,False,6.5500,0.0000,5.0000,-0.1707,2.4850,5.3333
1.2000,35,1,ForestGuardian,True,-2089788878,1.2133,False,6.5500,0.0000,5.0000,-0.1705,2.4848,5.3333
1.2167,36,1,ForestGuardian,True,-2089788878,1.2164,False,6.5500,0.0000,5.0000,-0.1702,2.4846,5.3333
1.2333,36,1,ForestGuardian,True,-2089788878,1.2196,False,6.5500,0.0000,5.0000,-0.1700,2.4843,5.3333
1.2500,37,1,ForestGuardian,True,-2089788878,1.2227,False,6.5500,0.0000,5.0000,-0.1697,2.4839,5.3333
1.2667,37,1,ForestGuardian,True,-2089788878,1.2258,False,6.5500,0.0000,5.0000,-0.1695,2.4835,5.3333
1.2833,38,1,ForestGuardian,True,-2089788878,1.2289,False,6.5500,0.0000,5.0000,-0.1692,2.4831,5.3333
1.3000,38,1,ForestGuardian,True,-2089788878,1.2321,False,6.5500,0.0000,5.0000,-0.1689,2.4827,5.3333
1.3167,39,1,ForestGuardian,True,-2089788878,1.2352,False,6.5500,0.0000,5.0000,-0.1687,2.4823,5.3333
1.3333,39,1,ForestGuardian,True,-2089788878,1.2383,False,6.5500,0.0000,5.0000,-0.1684,2.4819,5.3333
1.3500,40,1,ForestGuardian,True,-2089788878,1.2414,False,6.5500,0.0000,5.0000,-0.1682,2.4815,5.3333
1.3667,40,1,ForestGuardian,True,-2089788878,1.2446,False,6.5500,0.0000,5.0000,-0.1680,2.4812,5.3333
1.3833,41,1,ForestGuardian,True,-2089788878,1.2477,False,6.5500,0.0000,5.0000,-0.1678,2.4808,5.3333
1.4000,41,1,ForestGuardian,True,-2089788878,1.2508,False,6.5500,0.0000,5.0000,-0.1677,2.4804,5.3333
1.4167,42,1,ForestGuardian,True,-2089788878,1.2539,False,6.5500,0.0000,5.0000,-0.1676,2.4801,5.3333
1.4333,42,1,ForestGuardian,True,-2089788878,1.2571,False,6.5500,0.0000,5.0000,-0.1676,2.4797,5.3333
1.4500,43,1,ForestGuardian,True,-2089788878,1.2602,False,6.5500,0.0000,5.0000,-0.1675,2.4792,5.3333
1.4667,43,1,ForestGuardian,True,-2089788878,1.2633,False,6.5500,0.0000,5.0000,-0.1675,2.4788,5.3333
1.4833,44,1,ForestGuardian,True,-2089788878,1.2664,False,6.5500,0.0000,5.0000,-0.1674,2.4783,5.3333
1.5000,44,1,ForestGuardian,True,-2089788878,1.2696,False,6.5500,0.0000,5.0000,-0.1674,2.4779,5.3333
1.5167,45,1,ForestGuardian,True,-2089788878,1.2727,False,6.5500,0.0000,5.0000,-0.1673,2.4774,5.3333
1.5333,45,1,ForestGuardian,True,-2089788878,1.2758,False,6.5500,0.0000,5.0000,-0.1672,2.4769,5.3333
1.5500,46,1,ForestGuardian,True,-2089788878,1.2789,False,6.5500,0.0000,5.0000,-0.1671,2.4764,5.3333
1.5667,46,1,ForestGuardian,True,-2089788878,1.2821,False,6.5500,0.0000,5.0000,-0.1671,2.4759,5.3333
1.5833,47,1,ForestGuardian,True,-2089788878,1.2852,False,6.5500,0.0000,5.0000,-0.1670,2.4754,5.3333
1.6000,47,1,ForestGuardian,True,-2089788878,1.2883,False,6.5500,0.0000,5.0000,-0.1669,2.4749,5.3333
1.6167,48,1,ForestGuardian,True,-2089788878,1.2914,False,6.5500,0.0000,5.0000,-0.1667,2.4744,5.3333
1.6333,48,1,ForestGuardian,True,-2089788878,1.2946,False,6.5500,0.0000,5.0000,-0.1666,2.4739,5.3333
1.6500,49,1,ForestGuardian,True,-2089788878,1.2977,False,6.5500,0.0000,5.0000,-0.1666,2.4735,5.3333
1.6667,49,1,ForestGuardian,True,-2089788878,1.3008,False,6.5500,0.0000,5.0000,-0.1665,2.4730,5.3333
1.6833,50,1,ForestGuardian,True,-2089788878,1.3039,False,6.5500,0.0000,5.0000,-0.1665,2.4725,5.3333
1.7000,50,1,ForestGuardian,True,-2089788878,1.3071,False,6.5500,0.0000,5.0000,-0.1664,2.4720,5.3333
1.7167,51,1,ForestGuardian,True,-2089788878,1.3102,False,6.5500,0.0000,5.0000,-0.1663,2.4714,5.3333
1.7333,51,1,ForestGuardian,True,-2089788878,1.3133,False,6.5500,0.0000,5.0000,-0.1662,2.4709,5.3333
1.7500,52,1,ForestGuardian,True,-2089788878,1.3164,False,6.5500,0.0000,5.0000,-0.1660,2.4704,5.3333
1.7667,52,1,ForestGuardian,True,-2089788878,1.3196,False,6.5500,0.0000,5.0000,-0.1659,2.4699,5.3333
1.7833,53,1,ForestGuardian,True,-2089788878,1.3227,False,6.5500,0.0000,5.0000,-0.1657,2.4695,5.3333
1.8000,53,1,ForestGuardian,True,-2089788878,1.3258,False,6.5500,0.0000,5.0000,-0.1655,2.4691,5.3333
1.8167,54,1,ForestGuardian,True,-2089788878,1.3289,False,6.5500,0.0000,5.0000,-0.1653,2.4687,5.3333
1.8333,54,1,ForestGuardian,True,-2089788878,1.3321,False,6.5500,0.0000,5.0000,-0.1650,2.4684,5.3333
1.8500,55,1,ForestGuardian,True,-2089788878,1.3352,False,6.5500,0.0000,5.0000,-0.1648,2.4683,5.3333
1.8667,55,1,ForestGuardian,True,-2089788878,1.3383,False,6.5500,0.0000,5.0000,-0.1646,2.4682,5.3333
1.8833,56,1,ForestGuardian,True,-2089788878,1.3414,False,6.5500,0.0000,5.0000,-0.1645,2.4682,5.3333
1.9000,56,1,ForestGuardian,True,-2089788878,1.3446,False,6.5500,0.0000,5.0000,-0.1643,2.4683,5.3333
1.9167,57,1,ForestGuardian,True,-2089788878,1.3477,False,6.5500,0.0000,5.0000,-0.1641,2.4685,5.3333
1.9333,57,1,ForestGuardian,True,-2089788878,1.3508,False,6.5500,0.0000,5.0000,-0.1640,2.4687,5.3333
1.9500,58,1,ForestGuardian,True,-2089788878,1.3539,False,6.5500,0.0000,5.0000,-0.1639,2.4689,5.3333
1.9667,58,1,ForestGuardian,True,-2089788878,1.3571,False,6.5500,0.0000,5.0000,-0.1638,2.4692,5.3333
1.9833,59,1,ForestGuardian,True,-2089788878,1.3602,False,6.5500,0.0000,5.0000,-0.1637,2.4695,5.3333
2.0000,59,1,ForestGuardian,True,-2089788878,1.3633,False,6.5500,0.0000,5.0000,-0.1636,2.4698,5.3333
2.0167,60,1,ForestGuardian,True,-2089788878,1.3664,False,11.0000,0.0000,5.0000,-0.1635,2.4702,5.3333
2.0333,60,1,ForestGuardian,True,-2089788878,1.3696,False,11.0000,0.0000,5.0000,-0.1634,2.4707,5.3333
2.0500,61,1,ForestGuardian,True,-2089788878,1.3727,False,11.0000,0.0000,5.0000,-0.1633,2.4712,5.3333
2.0667,61,1,ForestGuardian,True,-2089788878,1.3758,False,11.0000,0.0000,5.0000,-0.1633,2.4718,5.3333
2.0833,62,1,ForestGuardian,True,-2089788878,1.3789,False,11.0000,0.0000,5.0000,-0.1633,2.4725,5.3333
2.1000,62,1,ForestGuardian,True,-2089788878,1.3821,False,11.0000,0.0000,5.0000,-0.1633,2.4733,5.3333
2.1167,63,1,ForestGuardian,True,-2089788878,1.3852,False,11.0000,0.0000,5.0000,-0.1634,2.4741,5.3333
2.1333,63,1,ForestGuardian,True,-2089788878,1.3883,False,11.0000,0.0000,5.0000,-0.1634,2.4749,5.3333
2.1500,64,1,ForestGuardian,True,-2089788878,1.3914,False,11.0000,0.0000,5.0000,-0.1636,2.4758,5.3333
2.1667,64,1,ForestGuardian,True,-2089788878,1.3946,False,11.0000,0.0000,5.0000,-0.1636,2.4767,5.3333
2.1833,65,1,ForestGuardian,True,-2089788878,1.3977,False,11.0000,0.0000,5.0000,-0.1637,2.4775,5.3333
2.2000,65,1,ForestGuardian,True,-2089788878,1.4008,False,11.0000,0.0000,5.0000,-0.1638,2.4784,5.3333
2.2167,66,1,ForestGuardian,True,-2089788878,1.4039,False,11.0000,0.0000,5.0000,-0.1639,2.4794,5.3333
2.2333,66,1,ForestGuardian,True,-2089788878,1.4071,False,11.0000,0.0000,5.0000,-0.1640,2.4804,5.3333
2.2500,67,1,ForestGuardian,True,-2089788878,1.4102,False,11.0000,0.0000,5.0000,-0.1641,2.4815,5.3333
2.2667,67,1,ForestGuardian,True,-2089788878,1.4133,False,11.0000,0.0000,5.0000,-0.1642,2.4826,5.3333
2.2833,68,1,ForestGuardian,True,-2089788878,1.4164,False,11.0000,0.0000,5.0000,-0.1644,2.4838,5.3333
2.3000,68,1,ForestGuardian,True,-2089788878,1.4196,False,11.0000,0.0000,5.0000,-0.1645,2.4849,5.3333
2.3167,69,1,ForestGuardian,True,-2089788878,1.4227,False,11.0000,0.0000,5.0000,-0.1647,2.4861,5.3333
2.3333,69,1,ForestGuardian,True,-2089788878,1.4258,False,11.0000,0.0000,5.0000,-0.1649,2.4871,5.3333
2.3500,70,1,ForestGuardian,True,-2089788878,1.4289,False,11.0000,0.0000,5.0000,-0.1650,2.4881,5.3333
2.3667,70,1,ForestGuardian,True,-2089788878,1.4321,False,11.0000,0.0000,5.0000,-0.1652,2.4890,5.3333
2.3833,71,1,ForestGuardian,True,-2089788878,1.4352,False,11.0000,0.0000,5.0000,-0.1653,2.4898,5.3333
2.4000,71,1,ForestGuardian,True,-2089788878,1.4383,False,11.0000,0.0000,5.0000,-0.1655,2.4906,5.3333
2.4167,72,1,ForestGuardian,True,-2089788878,1.4414,False,11.0000,0.0000,5.0000,-0.1656,2.4912,5.3333
2.4333,72,1,ForestGuardian,True,-2089788878,1.4446,False,11.0000,0.0000,5.0000,-0.1658,2.4918,5.3333
2.4500,73,1,ForestGuardian,True,-2089788878,1.4477,False,11.0000,0.0000,5.0000,-0.1659,2.4923,5.3333
2.4667,73,1,ForestGuardian,True,-2089788878,1.4508,False,11.0000,0.0000,5.0000,-0.1660,2.4927,5.3333
2.4833,74,1,ForestGuardian,True,-2089788878,1.4539,False,11.0000,0.0000,5.0000,-0.1661,2.4931,5.3333
2.5000,74,1,ForestGuardian,True,-2089788878,1.4571,False,11.0000,0.0000,5.0000,-0.1662,2.4935,5.3333
2.5167,75,1,ForestGuardian,True,-2089788878,1.4602,False,11.0000,0.0000,5.0000,-0.1663,2.4939,5.3333
2.5333,75,1,ForestGuardian,True,-2089788878,1.4633,False,11.0000,0.0000,5.0000,-0.1663,2.4942,5.3333
2.5500,76,1,ForestGuardian,True,-2089788878,1.4664,False,11.0000,0.0000,5.0000,-0.1664,2.4946,5.3333
2.5667,76,1,ForestGuardian,True,-2089788878,1.4696,False,11.0000,0.0000,5.0000,-0.1665,2.4949,5.3333
2.5833,77,1,ForestGuardian,True,-2089788878,1.4727,False,11.0000,0.0000,5.0000,-0.1666,2.4952,5.3333
2.6000,77,1,ForestGuardian,True,-2089788878,1.4758,False,11.0000,0.0000,5.0000,-0.1667,2.4955,5.3333
2.6167,78,1,ForestGuardian,True,-2089788878,1.4789,False,11.0000,0.0000,5.0000,-0.1668,2.4958,5.3333
2.6333,78,1,ForestGuardian,True,-2089788878,1.4821,False,11.0000,0.0000,5.0000,-0.1669,2.4960,5.3333
2.6500,79,1,ForestGuardian,True,-2089788878,1.4852,False,11.0000,0.0000,5.0000,-0.1670,2.4962,5.3333
2.6667,79,1,ForestGuardian,True,-2089788878,1.4883,False,11.0000,0.0000,5.0000,-0.1671,2.4963,5.3333
2.6833,80,1,ForestGuardian,True,-2089788878,1.4914,False,11.0000,0.0000,5.0000,-0.1672,2.4964,5.3333
2.7000,80,1,ForestGuardian,True,-2089788878,1.4946,False,11.0000,0.0000,5.0000,-0.1672,2.4964,5.3333
2.7167,81,1,ForestGuardian,True,-2089788878,1.4977,False,11.0000,0.0000,5.0000,-0.1673,2.4963,5.3333
2.7333,81,1,ForestGuardian,True,-2089788878,1.5008,False,11.0000,0.0000,5.0000,-0.1674,2.4963,5.3333
2.7500,82,1,ForestGuardian,True,-2089788878,1.5039,False,11.0000,0.0000,5.0000,-0.1675,2.4962,5.3333
2.7667,82,1,ForestGuardian,True,-2089788878,1.5071,False,11.0000,0.0000,5.0000,-0.1676,2.4960,5.3333
2.7833,83,1,ForestGuardian,True,-2089788878,1.5102,False,11.0000,0.0000,5.0000,-0.1677,2.4957,5.3333
2.8000,83,1,ForestGuardian,True,-2089788878,1.5133,False,11.0000,0.0000,5.0000,-0.1677,2.4954,5.3333
2.8167,84,1,ForestGuardian,True,-2089788878,1.5164,False,11.0000,0.0000,5.0000,-0.1678,2.4950,5.3333
2.8333,84,1,ForestGuardian,True,-2089788878,1.5196,False,11.0000,0.0000,5.0000,-0.1678,2.4950,5.3333
2.8500,85,1,ForestGuardian,True,-2089788878,1.5227,False,11.0000,0.0000,5.0000,-0.1679,2.4949,5.3333
2.8667,85,1,ForestGuardian,True,-2089788878,1.5258,False,11.0000,0.0000,5.0000,-0.1679,2.4947,5.3333
2.8833,86,1,ForestGuardian,True,-2089788878,1.5289,False,11.0000,0.0000,5.0000,-0.1679,2.4943,5.3333
2.9000,86,1,ForestGuardian,True,-2089788878,1.5321,False,11.0000,0.0000,5.0000,-0.1679,2.4937,5.3333
2.9167,87,1,ForestGuardian,True,-2089788878,1.5352,False,11.0000,0.0000,5.0000,-0.1679,2.4929,5.3333
2.9333,87,1,ForestGuardian,True,-2089788878,1.5383,False,11.0000,0.0000,5.0000,-0.1678,2.4918,5.3333
2.9500,88,1,ForestGuardian,True,-2089788878,1.5414,False,11.0000,0.0000,5.0000,-0.1678,2.4906,5.3333
2.9667,88,1,ForestGuardian,True,-2089788878,1.5446,False,11.0000,0.0000,5.0000,-0.1678,2.4900,5.3333
2.9833,89,1,ForestGuardian,True,-2089788878,1.5477,False,11.0000,0.0000,5.0000,-0.1678,2.4894,5.3333
3.0000,89,1,ForestGuardian,True,-2089788878,1.5508,False,11.0000,0.0000,5.0000,-0.1678,2.4887,5.3333
3.0167,90,1,ForestGuardian,True,-2089788878,1.5539,False,11.0000,0.0000,5.0000,-0.1678,2.4881,5.3333
3.0333,90,1,ForestGuardian,True,-2089788878,1.5571,False,11.0000,0.0000,5.0000,-0.1677,2.4875,5.3333
3.0500,91,1,ForestGuardian,True,-2089788878,1.5602,False,11.0000,0.0000,5.0000,-0.1677,2.4869,5.3333
3.0667,91,1,ForestGuardian,True,-2089788878,1.5633,False,11.0000,0.0000,5.0000,-0.1677,2.4863,5.3333
3.0833,92,1,ForestGuardian,True,-2089788878,1.5664,False,11.0000,0.0000,5.0000,-0.1677,2.4857,5.3333
3.1000,92,1,ForestGuardian,True,-2089788878,1.5696,False,11.0000,0.0000,5.0000,-0.1677,2.4851,5.3333
3.1167,93,1,ForestGuardian,True,-2089788878,1.5727,False,11.0000,0.0000,5.0000,-0.1676,2.4846,5.3333
3.1333,93,1,ForestGuardian,True,-2089788878,1.5758,False,11.0000,0.0000,5.0000,-0.1676,2.4841,5.3333
3.1500,94,1,ForestGuardian,True,-2089788878,1.5789,False,11.0000,0.0000,5.0000,-0.1675,2.4836,5.3333
3.1667,94,1,ForestGuardian,True,-2089788878,1.5821,False,11.0000,0.0000,5.0000,-0.1675,2.4832,5.3333
3.1833,95,1,ForestGuardian,True,-2089788878,1.5852,False,11.0000,0.0000,5.0000,-0.1674,2.4828,5.3333
3.2000,95,1,ForestGuardian,True,-2089788878,1.5883,False,11.0000,0.0000,5.0000,-0.1673,2.4825,5.3333
3.2167,96,1,ForestGuardian,True,-2089788878,1.5914,False,11.0000,0.0000,5.0000,-0.1672,2.4822,5.3333
3.2333,96,1,ForestGuardian,True,-2089788878,1.5946,False,11.0000,0.0000,5.0000,-0.1671,2.4819,5.3333
3.2500,97,1,ForestGuardian,True,-2089788878,1.5977,False,11.0000,0.0000,5.0000,-0.1670,2.4817,5.3333
3.2667,97,1,ForestGuardian,True,-2089788878,1.6008,False,11.0000,0.0000,5.0000,-0.1668,2.4815,5.3333
3.2833,98,1,ForestGuardian,True,-2089788878,1.6039,False,11.0000,0.0000,5.0000,-0.1667,2.4813,5.3333
3.3000,98,1,ForestGuardian,True,-2089788878,1.6071,False,11.0000,0.0000,5.0000,-0.1665,2.4811,5.3333
3.3167,99,1,ForestGuardian,True,-2089788878,1.6102,False,11.0000,0.0000,5.0000,-0.1663,2.4809,5.3333
3.3333,99,1,ForestGuardian,True,-2089788878,1.6133,False,11.0000,0.0000,5.0000,-0.1661,2.4807,5.3333
3.3500,100,1,ForestGuardian,True,-2089788878,1.6164,False,11.0000,0.0000,5.0000,-0.1660,2.4806,5.3333
3.3667,100,1,ForestGuardian,True,-2089788878,1.6196,False,11.0000,0.0000,5.0000,-0.1659,2.4804,5.3333
3.3833,101,1,ForestGuardian,True,-2089788878,1.6227,False,11.0000,0.0000,5.0000,-0.1657,2.4803,5.3333
3.4000,101,1,ForestGuardian,True,-2089788878,1.6258,False,11.0000,0.0000,5.0000,-0.1656,2.4801,5.3333
3.4167,102,1,ForestGuardian,True,-2089788878,1.6289,False,11.0000,0.0000,5.0000,-0.1654,2.4798,5.3333
3.4333,102,1,ForestGuardian,True,-2089788878,1.6321,False,11.0000,0.0000,5.0000,-0.1652,2.4794,5.3333
3.4500,103,1,ForestGuardian,True,-2089788878,1.6352,False,11.0000,0.0000,5.0000,-0.1650,2.4790,5.3333
3.4667,103,1,ForestGuardian,True,-2089788878,1.6383,False,11.0000,0.0000,5.0000,-0.1648,2.4786,5.3333
3.4833,104,1,ForestGuardian,True,-2089788878,1.6414,False,11.0000,0.0000,5.0000,-0.1646,2.4782,5.3333
3.5000,104,1,ForestGuardian,True,-2089788878,1.6446,False,11.0000,0.0000,5.0000,-0.1644,2.4777,5.3333
3.5167,105,1,ForestGuardian,True,-2089788878,1.6477,False,11.0000,0.0000,5.0000,-0.1642,2.4772,5.3333
3.5333,105,1,ForestGuardian,True,-2089788878,1.6508,False,11.0000,0.0000,5.0000,-0.1641,2.4767,5.3333
3.5500,106,1,ForestGuardian,True,-2089788878,1.6539,False,11.0000,0.0000,5.0000,-0.1639,2.4762,5.3333
3.5667,106,1,ForestGuardian,True,-2089788878,1.6571,False,11.0000,0.0000,5.0000,-0.1638,2.4758,5.3333
3.5833,107,1,ForestGuardian,True,-2089788878,1.6602,False,11.0000,0.0000,5.0000,-0.1636,2.4754,5.3333
3.6000,107,1,ForestGuardian,True,-2089788878,1.6633,False,11.0000,0.0000,5.0000,-0.1635,2.4749,5.3333
3.6167,108,1,ForestGuardian,True,-2089788878,1.6664,False,11.0000,0.0000,5.0000,-0.1633,2.4745,5.3333
3.6333,108,1,ForestGuardian,True,-2089788878,1.6696,False,11.0000,0.0000,5.0000,-0.1632,2.4741,5.3333
3.6500,109,1,ForestGuardian,True,-2089788878,1.6727,False,11.0000,0.0000,5.0000,-0.1631,2.4737,5.3333
3.6667,109,1,ForestGuardian,True,-2089788878,1.6758,False,11.0000,0.0000,5.0000,-0.1630,2.4734,5.3333
3.6833,110,1,ForestGuardian,True,-2089788878,1.6789,False,11.0000,0.0000,5.0000,-0.1628,2.4730,5.3333
3.7000,110,1,ForestGuardian,True,-2089788878,1.6821,False,11.0000,0.0000,5.0000,-0.1627,2.4727,5.3333
3.7167,111,1,ForestGuardian,True,-2089788878,1.6852,False,11.0000,0.0000,5.0000,-0.1627,2.4725,5.3333
3.7333,111,1,ForestGuardian,True,-2089788878,1.6883,False,11.0000,0.0000,5.0000,-0.1626,2.4723,5.3333
3.7500,112,1,ForestGuardian,True,-2089788878,1.6914,False,11.0000,0.0000,5.0000,-0.1625,2.4722,5.3333
3.7667,112,1,ForestGuardian,True,-2089788878,1.6946,False,11.0000,0.0000,5.0000,-0.1625,2.4722,5.3333
3.7833,113,1,ForestGuardian,True,-2089788878,1.6977,False,11.0000,0.0000,5.0000,-0.1625,2.4722,5.3333
3.8000,113,1,ForestGuardian,True,-2089788878,1.7008,False,11.0000,0.0000,5.0000,-0.1625,2.4723,5.3333
3.8167,114,1,ForestGuardian,True,-2089788878,1.7039,False,11.0000,0.0000,5.0000,-0.1625,2.4724,5.3333
3.8333,114,1,ForestGuardian,True,-2089788878,1.7071,False,11.0000,0.0000,5.0000,-0.1625,2.4725,5.3333
3.8500,115,1,ForestGuardian,True,-2089788878,1.7102,False,11.0000,0.0000,5.0000,-0.1626,2.4726,5.3333
3.8667,115,1,ForestGuardian,True,-2089788878,1.7133,False,11.0000,0.0000,5.0000,-0.1627,2.4728,5.3333
3.8833,116,1,ForestGuardian,True,-2089788878,1.7164,False,11.0000,0.0000,5.0000,-0.1628,2.4730,5.3333
3.9000,116,1,ForestGuardian,True,-2089788878,1.7196,False,11.0000,0.0000,5.0000,-0.1629,2.4732,5.3333
3.9167,117,1,ForestGuardian,True,-2089788878,1.7227,False,11.0000,0.0000,5.0000,-0.1631,2.4734,5.3333
3.9333,117,1,ForestGuardian,True,-2089788878,1.7258,False,11.0000,0.0000,5.0000,-0.1632,2.4737,5.3333
3.9500,118,1,ForestGuardian,True,-2089788878,1.7289,False,11.0000,0.0000,5.0000,-0.1633,2.4740,5.3333
3.9667,118,1,ForestGuardian,True,-2089788878,1.7321,False,11.0000,0.0000,5.0000,-0.1634,2.4743,5.3333
3.9833,119,1,ForestGuardian,True,-2089788878,1.7352,False,11.0000,0.0000,5.0000,-0.1636,2.4747,5.3333
4.0000,119,1,ForestGuardian,True,-2089788878,1.7383,False,11.0000,0.0000,5.0000,-0.1637,2.4751,5.3333
4.0167,120,1,ForestGuardian,True,-2089788878,1.7414,False,11.0000,0.0000,5.0000,-0.1639,2.4756,5.3333
4.0333,120,1,ForestGuardian,True,-2089788878,1.7446,False,11.0000,0.0000,5.0000,-0.1641,2.4761,5.3333
4.0500,121,1,ForestGuardian,True,-2089788878,1.7477,False,11.0000,0.0000,5.0000,-0.1644,2.4768,5.3333
4.0667,121,1,ForestGuardian,True,-2089788878,1.7508,False,11.0000,0.0000,5.0000,-0.1647,2.4775,5.3333
4.0833,122,1,ForestGuardian,True,-2089788878,1.7539,False,11.0000,0.0000,5.0000,-0.1649,2.4782,5.3333
4.1000,122,1,ForestGuardian,True,-2089788878,1.7571,False,11.0000,0.0000,5.0000,-0.1652,2.4790,5.3333
4.1167,123,1,ForestGuardian,True,-2089788878,1.7602,False,11.0000,0.0000,5.0000,-0.1655,2.4798,5.3333
4.1333,123,1,ForestGuardian,True,-2089788878,1.7633,False,11.0000,0.0000,5.0000,-0.1657,2.4805,5.3333
4.1500,124,1,ForestGuardian,True,-2089788878,1.7664,False,11.0000,0.0000,5.0000,-0.1659,2.4813,5.3333
4.1667,124,1,ForestGuardian,True,-2089788878,1.7696,False,11.0000,0.0000,5.0000,-0.1661,2.4820,5.3333
4.1833,125,1,ForestGuardian,True,-2089788878,1.7727,False,11.0000,0.0000,5.0000,-0.1662,2.4826,5.3333
4.2000,125,1,ForestGuardian,True,-2089788878,1.7758,False,11.0000,0.0000,5.0000,-0.1663,2.4834,5.3333
4.2167,126,1,ForestGuardian,True,-2089788878,1.7789,False,11.0000,0.0000,5.0000,-0.1665,2.4841,5.3333
4.2333,126,1,ForestGuardian,True,-2089788878,1.7821,False,11.0000,0.0000,5.0000,-0.1666,2.4848,5.3333
4.2500,127,1,ForestGuardian,True,-2089788878,1.7852,False,11.0000,0.0000,5.0000,-0.1668,2.4855,5.3333
4.2667,127,1,ForestGuardian,True,-2089788878,1.7883,False,11.0000,0.0000,5.0000,-0.1669,2.4862,5.3333
4.2833,128,1,ForestGuardian,True,-2089788878,1.7914,False,11.0000,0.0000,5.0000,-0.1671,2.4869,5.3333
4.3000,128,1,ForestGuardian,True,-2089788878,1.7946,False,11.0000,0.0000,5.0000,-0.1672,2.4875,5.3333
4.3167,129,1,ForestGuardian,True,-2089788878,1.7977,False,11.0000,0.0000,5.0000,-0.1674,2.4882,5.3333
4.3333,129,1,ForestGuardian,True,-2089788878,1.8008,False,11.0000,0.0000,5.0000,-0.1675,2.4888,5.3333
4.3500,130,1,ForestGuardian,True,-2089788878,1.8039,False,11.0000,0.0000,5.0000,-0.1676,2.4893,5.3333
4.3667,130,1,ForestGuardian,True,-2089788878,1.8071,False,11.0000,0.0000,5.0000,-0.1676,2.4899,5.3333
4.3833,131,1,ForestGuardian,True,-2089788878,1.8102,False,11.0000,0.0000,5.0000,-0.1677,2.4904,5.3333
4.4000,131,1,ForestGuardian,True,-2089788878,1.8133,False,11.0000,0.0000,5.0000,-0.1678,2.4909,5.3333
4.4167,132,1,ForestGuardian,True,-2089788878,1.8164,False,11.0000,0.0000,5.0000,-0.1678,2.4915,5.3333
4.4333,132,1,ForestGuardian,True,-2089788878,1.8196,False,11.0000,0.0000,5.0000,-0.1679,2.4920,5.3333
4.4500,133,1,ForestGuardian,True,-2089788878,1.8227,False,11.0000,0.0000,5.0000,-0.1681,2.4926,5.3333
4.4667,133,1,ForestGuardian,True,-2089788878,1.8258,False,11.0000,0.0000,5.0000,-0.1682,2.4931,5.3333
4.4833,134,1,ForestGuardian,True,-2089788878,1.8289,False,11.0000,0.0000,5.0000,-0.1684,2.4936,5.3333
4.5000,134,1,ForestGuardian,True,-2089788878,1.8321,False,11.0000,0.0000,5.0000,-0.1685,2.4940,5.3333
4.5167,135,1,ForestGuardian,True,-2089788878,1.8352,False,11.0000,0.0000,5.0000,-0.1687,2.4944,5.3333
4.5333,135,1,ForestGuardian,True,-2089788878,1.8383,False,11.0000,0.0000,5.0000,-0.1688,2.4946,5.3333
4.5500,136,1,ForestGuardian,True,-2089788878,1.8414,False,11.0000,0.0000,5.0000,-0.1689,2.4949,5.3333
4.5667,136,1,ForestGuardian,True,-2089788878,1.8446,False,11.0000,0.0000,5.0000,-0.1691,2.4950,5.3333
4.5833,137,1,ForestGuardian,True,-2089788878,1.8477,False,11.0000,0.0000,5.0000,-0.1693,2.4952,5.3333
4.6000,137,1,ForestGuardian,True,-2089788878,1.8508,False,11.0000,0.0000,5.0000,-0.1695,2.4953,5.3333
4.6167,138,1,ForestGuardian,True,-2089788878,1.8539,False,11.0000,0.0000,5.0000,-0.1697,2.4954,5.3333
4.6333,138,1,ForestGuardian,True,-2089788878,1.8571,False,11.0000,0.0000,5.0000,-0.1699,2.4954,5.3333
4.6500,139,1,ForestGuardian,True,-2089788878,1.8602,False,11.0000,0.0000,5.0000,-0.1701,2.4954,5.3333
4.6667,139,1,ForestGuardian,True,-2089788878,1.8633,False,11.0000,0.0000,5.0000,-0.1703,2.4953,5.3333
4.6833,140,1,ForestGuardian,True,-2089788878,1.8664,False,11.0000,0.0000,5.0000,-0.1705,2.4951,5.3333
4.7000,140,1,ForestGuardian,True,-2089788878,1.8696,False,11.0000,0.0000,5.0000,-0.1706,2.4949,5.3333
4.7167,141,1,ForestGuardian,True,-2089788878,1.8727,False,11.0000,0.0000,5.0000,-0.1708,2.4946,5.3333
4.7333,141,1,ForestGuardian,True,-2089788878,1.8758,False,11.0000,0.0000,5.0000,-0.1709,2.4943,5.3333
4.7500,142,1,ForestGuardian,True,-2089788878,1.8789,False,11.0000,0.0000,5.0000,-0.1710,2.4940,5.3333
4.7667,142,1,ForestGuardian,True,-2089788878,1.8821,False,11.0000,0.0000,5.0000,-0.1710,2.4937,5.3333
4.7833,143,1,ForestGuardian,True,-2089788878,1.8852,False,11.0000,0.0000,5.0000,-0.1711,2.4934,5.3333
4.8000,143,1,ForestGuardian,True,-2089788878,1.8883,False,11.0000,0.0000,5.0000,-0.1711,2.4930,5.3333
4.8167,144,1,ForestGuardian,True,-2089788878,1.8914,False,11.0000,0.0000,5.0000,-0.1711,2.4926,5.3333
