time,tick,casting,active,start,ignite,end,gesture,bottle,streamLength,x,z
0.000000,0,False,False,-1,-1,-1,0.000000,False,0.000000,0.000000,-2.880000
0.016667,0,False,False,-1,-1,-1,0.000000,False,0.000000,5.000000,5.000000
0.033333,0,False,False,-1,-1,-1,-1.000000,False,0.000000,5.000000,5.000000
0.050000,1,False,False,-1,-1,-1,-1.000000,False,0.000000,5.000000,5.000000
0.066667,1,False,False,-1,-1,-1,-1.000000,False,0.000000,5.000000,5.000000
0.083333,2,False,False,-1,-1,-1,-1.000000,False,0.000000,5.000000,5.000000
0.100000,2,False,False,-1,-1,-1,-1.000000,False,0.000000,5.000000,5.000000
0.116667,3,False,False,-1,-1,-1,-1.000000,False,0.000000,5.000000,5.000000
0.133333,3,False,False,-1,-1,-1,-1.000000,False,0.000000,5.000000,5.000000
0.150000,4,False,False,-1,-1,-1,-1.000000,False,0.000000,5.000000,5.000000
0.166667,4,False,False,-1,-1,-1,-1.000000,False,0.000000,5.000000,5.000000
0.183333,5,False,False,-1,-1,-1,-1.000000,False,0.000000,5.000000,5.000000
0.200000,5,False,False,-1,-1,-1,-1.000000,False,0.000000,5.000000,5.000000
0.216667,6,False,False,-1,-1,-1,-1.000000,False,0.000000,5.000000,5.000000
0.233333,6,False,False,-1,-1,-1,-1.000000,False,0.000000,5.000000,5.000000
0.250000,7,False,False,-1,-1,-1,-1.000000,False,0.000000,5.000000,5.000000
0.266667,7,False,False,-1,-1,-1,-1.000000,False,0.000000,5.000000,5.000000
0.283333,8,False,False,-1,-1,-1,-1.000000,False,0.000000,5.000000,5.000000
0.300000,8,False,False,-1,-1,-1,-1.000000,False,0.000000,5.000000,5.000000
0.316667,9,False,False,-1,-1,-1,-1.000000,False,0.000000,5.000000,5.000000
0.333333,9,False,False,-1,-1,-1,-1.000000,False,0.000000,5.000000,5.000000
0.350000,10,False,False,-1,-1,-1,-1.000000,False,0.000000,5.000000,5.000000
0.366667,10,False,False,-1,-1,-1,-1.000000,False,0.000000,5.000000,5.000000
0.383333,11,False,False,-1,-1,-1,-1.000000,False,0.000000,5.000000,5.000000
0.400000,11,False,False,-1,-1,-1,-1.000000,False,0.000000,5.000000,5.000000
0.416667,12,False,False,-1,-1,-1,-1.000000,False,0.000000,5.000000,5.000000
0.433333,12,False,False,-1,-1,-1,-1.000000,False,0.000000,5.000000,5.000000
0.450000,13,False,False,-1,-1,-1,-1.000000,False,0.000000,5.000000,5.000000
0.466667,13,False,False,-1,-1,-1,-1.000000,False,0.000000,5.000000,5.000000
0.483333,14,False,False,-1,-1,-1,-1.000000,False,0.000000,5.000000,5.000000
0.500000,14,False,False,-1,-1,-1,-1.000000,False,0.000000,5.000000,5.000000
0.516667,15,False,False,-1,-1,-1,-1.000000,False,0.000000,5.000000,5.000000
0.533333,15,False,False,-1,-1,-1,-1.000000,False,0.000000,5.000000,5.000000
0.550000,16,False,False,-1,-1,-1,-1.000000,False,0.000000,5.000000,5.000000
0.566667,16,False,False,-1,-1,-1,-1.000000,False,0.000000,5.000000,5.000000
0.583333,17,False,False,-1,-1,-1,-1.000000,False,0.000000,5.000000,5.000000
0.600000,17,False,False,-1,-1,-1,-1.000000,False,0.000000,5.000000,5.000000
0.616667,18,False,False,-1,-1,-1,-1.000000,False,0.000000,5.000000,5.000000
0.633333,18,False,False,-1,-1,-1,-1.000000,False,0.000000,5.000000,5.000000
0.650000,19,False,False,-1,-1,-1,-1.000000,False,0.000000,5.000000,5.000000
0.666667,19,False,False,-1,-1,-1,-1.000000,False,0.000000,5.000000,5.000000
0.683333,20,False,False,-1,-1,-1,-1.000000,False,0.000000,5.000000,5.000000
0.700000,20,False,False,-1,-1,-1,-1.000000,False,0.000000,5.000000,5.000000
0.716667,21,False,False,-1,-1,-1,-1.000000,False,0.000000,5.000000,5.000000
0.733333,21,False,False,-1,-1,-1,-1.000000,False,0.000000,5.000000,5.000000
0.750000,22,False,False,-1,-1,-1,-1.000000,False,0.000000,5.000000,5.000000
0.766667,22,False,False,-1,-1,-1,-1.000000,False,0.000000,5.000000,5.000000
0.783333,23,False,False,-1,-1,-1,-1.000000,False,0.000000,5.000000,5.000000
0.800000,23,False,False,-1,-1,-1,-1.000000,False,0.000000,5.000000,5.000000
0.816667,24,False,False,-1,-1,-1,-1.000000,False,0.000000,5.000000,5.000000
0.833333,24,False,False,-1,-1,-1,-1.000000,False,0.000000,5.000000,5.000000
0.850000,25,False,False,-1,-1,-1,-1.000000,False,0.000000,5.000000,5.000000
0.866667,25,False,False,-1,-1,-1,-1.000000,False,0.000000,5.000000,5.000000
0.883333,26,False,False,-1,-1,-1,-1.000000,False,0.000000,5.000000,5.000000
0.900000,26,False,False,-1,-1,-1,-1.000000,False,0.000000,5.000000,5.000000
0.916667,27,False,False,-1,-1,-1,-1.000000,False,0.000000,5.000000,5.000000
0.933333,27,False,False,-1,-1,-1,-1.000000,False,0.000000,5.000000,5.000000
0.950000,28,False,False,-1,-1,-1,-1.000000,False,0.000000,5.000000,5.000000
0.966667,28,False,False,-1,-1,-1,-1.000000,False,0.000000,5.000000,5.000000
0.983333,29,False,False,-1,-1,-1,-1.000000,False,0.000000,5.000000,5.000000
1.000000,29,False,False,-1,-1,-1,-1.000000,False,0.000000,5.000000,5.000000
1.016667,30,False,False,-1,-1,-1,-1.000000,False,0.000000,5.000000,5.000000
1.033333,30,False,False,-1,-1,-1,-1.000000,False,0.000000,5.000000,5.000000
1.050000,31,False,False,-1,-1,-1,-1.000000,False,0.000000,5.000000,5.000000
1.066667,31,False,False,-1,-1,-1,-1.000000,False,0.000000,5.000000,5.000000
1.083333,32,False,False,-1,-1,-1,-1.000000,False,0.000000,5.000000,5.000000
1.100000,32,False,False,-1,-1,-1,-1.000000,False,0.000000,5.000000,5.000000
1.116667,33,False,False,-1,-1,-1,-1.000000,False,0.000000,5.000000,5.000000
1.133333,33,False,False,-1,-1,-1,-1.000000,False,0.000000,5.000000,5.000000
1.150000,34,False,False,-1,-1,-1,-1.000000,False,0.000000,5.000000,5.000000
1.166667,34,False,False,-1,-1,-1,-1.000000,False,0.000000,5.000000,5.000000
1.183333,35,False,False,-1,-1,-1,-1.000000,False,0.000000,5.000000,5.000000
1.200000,35,False,False,-1,-1,-1,-1.000000,False,0.000000,5.000000,5.000000
1.216667,36,False,False,-1,-1,-1,-1.000000,False,0.000000,5.000000,5.000000
1.233333,36,False,False,-1,-1,-1,-1.000000,False,0.000000,5.000000,5.000000
1.250000,37,False,False,-1,-1,-1,-1.000000,False,0.000000,5.000000,5.000000
1.266667,37,False,False,-1,-1,-1,-1.000000,False,0.000000,5.000000,5.000000
1.283333,38,False,False,-1,-1,-1,-1.000000,False,0.000000,5.000000,5.000000
1.300000,38,False,False,-1,-1,-1,-1.000000,False,0.000000,5.000000,5.000000
1.316667,39,False,False,-1,-1,-1,-1.000000,False,0.000000,5.000000,5.000000
1.333333,39,False,False,-1,-1,-1,-1.000000,False,0.000000,5.000000,5.000000
1.350000,40,False,False,-1,-1,-1,-1.000000,False,0.000000,5.000000,5.000000
1.366667,40,False,False,-1,-1,-1,-1.000000,False,0.000000,5.000000,5.000000
1.383333,41,False,False,-1,-1,-1,-1.000000,False,0.000000,5.000000,5.000000
1.400000,41,False,False,-1,-1,-1,-1.000000,False,0.000000,5.000000,5.000000
1.416667,42,False,False,-1,-1,-1,-1.000000,False,0.000000,5.000000,5.000000
1.433333,42,False,False,-1,-1,-1,-1.000000,False,0.000000,5.000000,5.000000
1.450000,43,False,False,-1,-1,-1,-1.000000,False,0.000000,5.000000,5.000000
1.466667,43,False,False,-1,-1,-1,-1.000000,False,0.000000,5.000000,5.000000
1.483333,44,False,False,-1,-1,-1,-1.000000,False,0.000000,5.000000,5.000000
1.500000,44,False,False,-1,-1,-1,-1.000000,False,0.000000,5.000000,5.000000
1.516667,45,False,False,-1,-1,-1,-1.000000,False,0.000000,5.000000,5.000000
1.533333,45,False,False,-1,-1,-1,-1.000000,False,0.000000,5.000000,5.000000
1.550000,46,False,False,-1,-1,-1,-1.000000,False,0.000000,5.000000,5.000000
1.566667,46,False,False,-1,-1,-1,-1.000000,False,0.000000,5.000000,5.000000
1.583333,47,False,False,-1,-1,-1,-1.000000,False,0.000000,5.000000,5.000000
1.600000,47,False,False,-1,-1,-1,-1.000000,False,0.000000,5.000000,5.000000
1.616667,48,False,False,-1,-1,-1,-1.000000,False,0.000000,5.000000,5.000000
1.633333,48,False,False,-1,-1,-1,-1.000000,False,0.000000,5.000000,5.000000
1.650000,49,False,False,-1,-1,-1,-1.000000,False,0.000000,5.000000,5.000000
1.666667,49,False,False,-1,-1,-1,-1.000000,False,0.000000,5.000000,5.000000
1.683333,50,False,False,-1,-1,-1,-1.000000,False,0.000000,5.000000,5.000000
1.700000,50,False,False,-1,-1,-1,-1.000000,False,0.000000,5.000000,5.000000
1.716667,51,False,False,-1,-1,-1,-1.000000,False,0.000000,5.000000,5.000000
1.733333,51,False,False,-1,-1,-1,-1.000000,False,0.000000,5.000000,5.000000
1.750000,52,False,False,-1,-1,-1,-1.000000,False,0.000000,5.000000,5.000000
1.766667,52,False,False,-1,-1,-1,-1.000000,False,0.000000,5.000000,5.000000
1.783333,53,False,False,-1,-1,-1,-1.000000,False,0.000000,5.000000,5.000000
1.800000,53,False,False,-1,-1,-1,-1.000000,False,0.000000,5.000000,5.000000
1.816667,54,False,False,-1,-1,-1,-1.000000,False,0.000000,5.000000,5.000000
1.833333,54,False,False,-1,-1,-1,-1.000000,False,0.000000,5.000000,5.000000
1.850000,55,False,False,-1,-1,-1,-1.000000,False,0.000000,5.000000,5.000000
1.866667,55,False,False,-1,-1,-1,-1.000000,False,0.000000,5.000000,5.000000
1.883333,56,False,False,-1,-1,-1,-1.000000,False,0.000000,5.000000,5.000000
1.900000,56,False,False,-1,-1,-1,-1.000000,False,0.000000,5.000000,5.000000
1.916667,57,False,False,-1,-1,-1,-1.000000,False,0.000000,5.000000,5.000000
1.933333,57,False,False,-1,-1,-1,-1.000000,False,0.000000,5.000000,5.000000
1.950000,58,False,False,-1,-1,-1,-1.000000,False,0.000000,5.000000,5.000000
1.966667,58,False,False,-1,-1,-1,-1.000000,False,0.000000,5.000000,5.000000
1.983333,59,False,False,-1,-1,-1,-1.000000,False,0.000000,5.000000,5.000000
2.000000,59,False,False,-1,-1,-1,-1.000000,False,0.000000,5.000000,5.000000
2.016667,60,False,False,-1,-1,-1,-1.000000,False,0.000000,4.000000,4.000000
2.033333,60,False,False,-1,-1,-1,-1.000000,False,0.000000,4.000000,4.000000
2.050000,61,False,False,-1,-1,-1,-1.000000,False,0.000000,4.000000,4.000000
2.066667,61,False,False,-1,-1,-1,-1.000000,False,0.000000,4.000000,4.000000
2.083333,62,False,False,-1,-1,-1,-1.000000,False,0.000000,4.000000,4.000000
2.100000,62,False,False,-1,-1,-1,-1.000000,False,0.000000,4.000000,4.000000
2.116667,63,False,False,-1,-1,-1,-1.000000,False,0.000000,4.000000,4.000000
2.133333,63,False,False,-1,-1,-1,-1.000000,False,0.000000,4.000000,4.000000
2.150000,64,False,False,-1,-1,-1,-1.000000,False,0.000000,4.000000,4.000000
2.166667,64,False,False,-1,-1,-1,-1.000000,False,0.000000,4.000000,4.000000
2.183333,65,False,False,-1,-1,-1,-1.000000,False,0.000000,4.000000,4.000000
2.200000,65,False,False,-1,-1,-1,-1.000000,False,0.000000,4.000000,4.000000
2.216667,66,False,False,-1,-1,-1,-1.000000,False,0.000000,4.000000,4.000000
2.233333,66,False,False,-1,-1,-1,-1.000000,False,0.000000,4.000000,4.000000
2.250000,67,False,False,-1,-1,-1,-1.000000,False,0.000000,4.000000,4.000000
2.266667,67,False,False,-1,-1,-1,-1.000000,False,0.000000,4.000000,4.000000
2.283333,68,False,False,-1,-1,-1,-1.000000,False,0.000000,4.000000,4.000000
2.300000,68,False,False,-1,-1,-1,-1.000000,False,0.000000,4.000000,4.000000
2.316667,69,False,False,-1,-1,-1,-1.000000,False,0.000000,4.000000,4.000000
2.333333,69,False,False,-1,-1,-1,-1.000000,False,0.000000,4.000000,4.000000
2.350000,70,False,False,-1,-1,-1,-1.000000,False,0.000000,4.000000,4.000000
2.366667,70,False,False,-1,-1,-1,-1.000000,False,0.000000,4.000000,4.000000
2.383333,71,False,False,-1,-1,-1,-1.000000,False,0.000000,4.000000,4.000000
2.400000,71,False,False,-1,-1,-1,-1.000000,False,0.000000,4.000000,4.000000
2.416667,72,False,False,-1,-1,-1,-1.000000,False,0.000000,4.000000,4.000000
2.433333,72,False,False,-1,-1,-1,-1.000000,False,0.000000,4.000000,4.000000
2.450000,73,False,False,-1,-1,-1,-1.000000,False,0.000000,4.000000,4.000000
2.466667,73,False,False,-1,-1,-1,-1.000000,False,0.000000,4.000000,4.000000
2.483333,74,False,False,-1,-1,-1,-1.000000,False,0.000000,4.000000,4.000000
2.500000,74,False,False,-1,-1,-1,-1.000000,False,0.000000,4.000000,4.000000
2.516667,75,False,False,-1,-1,-1,-1.000000,False,0.000000,4.000000,4.000000
2.533333,75,False,False,-1,-1,-1,-1.000000,False,0.000000,4.000000,4.000000
2.550000,76,False,False,-1,-1,-1,-1.000000,False,0.000000,4.000000,4.000000
2.566667,76,False,False,-1,-1,-1,-1.000000,False,0.000000,4.000000,4.000000
2.583333,77,False,False,-1,-1,-1,-1.000000,False,0.000000,4.000000,4.000000
2.600000,77,False,False,-1,-1,-1,-1.000000,False,0.000000,4.000000,4.000000
2.616667,78,True,False,77,113,137,0.000000,False,0.000000,4.000000,4.000000
2.633333,78,True,False,77,113,137,0.016667,False,0.000000,4.000000,4.000000
2.650000,79,True,False,77,113,137,0.033333,False,0.000000,4.000000,4.000000
2.666667,79,True,False,77,113,137,0.050000,False,0.000000,4.000000,4.000000
2.683333,80,True,False,77,113,137,0.066667,False,0.000000,4.000000,4.000000
2.700000,80,True,False,77,113,137,0.083333,False,0.000000,4.000000,4.000000
2.716667,81,True,False,77,113,137,0.100000,False,0.000000,4.000000,4.000000
2.733333,81,True,False,77,113,137,0.116667,False,0.000000,4.000000,4.000000
2.750000,82,True,False,77,113,137,0.133333,False,0.000000,4.000000,4.000000
2.766667,82,True,False,77,113,137,0.150000,False,0.000000,4.000000,4.000000
2.783333,83,True,False,77,113,137,0.166667,False,0.000000,4.000000,4.000000
2.800000,83,True,False,77,113,137,0.183333,False,0.000000,4.000000,4.000000
2.816667,84,True,False,77,113,137,0.200000,False,0.000000,4.000000,4.000000
2.833333,84,True,False,77,113,137,0.216667,False,0.000000,4.000000,4.000000
2.850000,85,True,False,77,113,137,0.233333,False,0.000000,4.000000,4.000000
2.866667,85,True,False,77,113,137,0.250000,False,0.000000,4.000000,4.000000
2.883333,86,True,False,77,113,137,0.266667,False,0.000000,4.000000,4.000000
2.900000,86,True,False,77,113,137,0.283333,False,0.000000,4.000000,4.000000
2.916667,87,True,False,77,113,137,0.300000,False,0.000000,4.000000,4.000000
2.933333,87,True,False,77,113,137,0.316667,False,0.000000,4.000000,4.000000
2.950000,88,True,False,77,113,137,0.333333,True,0.000000,4.000000,4.000000
2.966667,88,True,False,77,113,137,0.350000,True,0.000000,4.000000,4.000000
2.983333,89,True,False,77,113,137,0.366667,True,0.000000,4.000000,4.000000
3.000000,89,True,False,77,113,137,0.383333,True,0.000000,4.000000,4.000000
3.016667,90,True,False,77,113,137,0.400000,True,0.000000,4.000000,4.000000
3.033333,90,True,False,77,113,137,0.416667,True,0.000000,4.000000,4.000000
3.050000,91,True,False,77,113,137,0.433333,True,0.000000,4.000000,4.000000
3.066667,91,True,False,77,113,137,0.450000,True,0.000000,4.000000,4.000000
3.083333,92,True,False,77,113,137,0.466667,True,0.000000,4.000000,4.000000
3.100000,92,True,False,77,113,137,0.483333,True,0.000000,4.000000,4.000000
3.116667,93,True,False,77,113,137,0.500000,True,0.000000,4.000000,4.000000
3.133333,93,True,False,77,113,137,0.516667,True,0.000000,4.000000,4.000000
3.150000,94,True,False,77,113,137,0.533333,True,0.000000,4.000000,4.000000
3.166667,94,True,False,77,113,137,0.550000,True,0.000000,4.000000,4.000000
3.183333,95,True,False,77,113,137,0.566667,True,0.000000,4.000000,4.000000
3.200000,95,True,False,77,113,137,0.583333,True,0.000000,4.000000,4.000000
3.216667,96,True,False,77,113,137,0.600000,True,0.000000,4.000000,4.000000
3.233333,96,True,False,77,113,137,0.616667,True,0.000000,4.000000,4.000000
3.250000,97,True,False,77,113,137,0.633333,True,0.000000,4.000000,4.000000
3.266667,97,True,False,77,113,137,0.650000,True,0.000000,4.000000,4.000000
3.283333,98,True,False,77,113,137,0.666667,True,0.000000,4.000000,4.000000
3.300000,98,True,False,77,113,137,0.683333,True,0.000000,4.000000,4.000000
3.316667,99,True,False,77,113,137,0.700000,True,0.000000,4.000000,4.000000
3.333333,99,True,False,77,113,137,0.716667,True,0.000000,4.000000,4.000000
3.350000,100,True,False,77,113,137,0.733333,True,0.000000,4.000000,4.000000
3.366667,100,True,False,77,113,137,0.750000,True,0.000000,4.000000,4.000000
3.383333,101,True,False,77,113,137,0.766667,True,0.000000,4.000000,4.000000
3.400000,101,True,False,77,113,137,0.783333,True,0.000000,4.000000,4.000000
3.416667,102,True,False,77,113,137,0.800000,True,0.100100,4.000000,4.000000
3.433333,102,True,False,77,113,137,0.816667,True,0.100100,4.000000,4.000000
3.450000,103,True,False,77,113,137,0.833333,True,0.100100,4.000000,4.000000
3.466667,103,True,False,77,113,137,0.850000,True,0.100100,4.000000,4.000000
3.483333,104,True,False,77,113,137,0.866667,True,0.100100,4.000000,4.000000
3.500000,104,True,False,77,113,137,0.883333,True,0.100100,4.000000,4.000000
3.516667,105,True,False,77,113,137,0.900000,True,0.100100,4.000000,4.000000
3.533333,105,True,False,77,113,137,0.916667,True,0.100100,4.000000,4.000000
3.550000,106,True,False,77,113,137,0.933333,True,0.100100,4.000000,4.000000
3.566667,106,True,False,77,113,137,0.950000,True,0.100100,4.000000,4.000000
3.583333,107,True,False,77,113,137,0.966667,True,0.100100,4.000000,4.000000
3.600000,107,True,False,77,113,137,0.983333,True,0.100100,4.000000,4.000000
3.616667,108,True,False,77,113,137,1.000000,True,0.100100,4.000000,4.000000
3.633333,108,True,False,77,113,137,1.016667,True,0.100100,4.000000,4.000000
3.650000,109,True,False,77,113,137,1.033333,True,0.100100,4.000000,4.000000
3.666667,109,True,False,77,113,137,1.050000,True,0.100100,4.000000,4.000000
3.683333,110,True,False,77,113,137,1.066667,True,0.100100,4.000000,4.000000
3.700000,110,True,False,77,113,137,1.083333,True,0.100100,4.000000,4.000000
3.716667,111,True,False,77,113,137,1.100000,True,0.100100,4.000000,4.000000
3.733333,111,True,False,77,113,137,1.116667,True,0.100100,4.000000,4.000000
3.750000,112,True,False,77,113,137,1.133333,True,0.100100,4.000000,4.000000
3.766667,112,True,False,77,113,137,1.150000,True,0.100100,4.000000,4.000000
3.783333,113,True,False,77,113,137,1.166667,True,0.100100,4.000000,4.000000
3.800000,113,True,False,77,113,137,1.183333,True,0.100100,4.000000,4.000000
3.816667,114,True,True,77,113,137,1.200000,True,0.000000,4.000000,4.000000
3.833333,114,True,True,77,113,137,1.216667,True,0.000000,4.000000,4.000000
3.850000,115,True,True,77,113,137,1.233333,True,0.000000,4.000000,4.000000
3.866667,115,True,True,77,113,137,1.250000,True,0.000000,4.000000,4.000000
3.883333,116,True,True,77,113,137,1.266667,True,0.000000,4.000000,4.000000
3.900000,116,True,True,77,113,137,1.283333,True,0.000000,4.000000,4.000000
3.916667,117,True,True,77,113,137,1.300000,True,0.000000,4.000000,4.000000
3.933333,117,True,True,77,113,137,1.316667,True,0.000000,4.000000,4.000000
3.950000,118,True,True,77,113,137,1.333333,True,0.000000,4.000000,4.000000
3.966667,118,True,True,77,113,137,1.350000,True,0.000000,4.000000,4.000000
3.983333,119,True,True,77,113,137,1.366667,True,0.000000,4.000000,4.000000
4.000000,119,True,True,77,113,137,1.383333,True,0.000000,4.000000,4.000000
4.016667,120,True,True,77,113,137,1.400000,True,0.000000,4.000000,4.000000
4.033333,120,True,True,77,113,137,1.416667,True,0.000000,4.000000,4.000000
4.050000,121,True,True,77,113,137,1.433333,True,0.000000,4.000000,4.000000
4.066667,121,True,True,77,113,137,1.450000,True,0.000000,4.000000,4.000000
4.083333,122,True,True,77,113,137,1.466667,True,0.000000,4.000000,4.000000
4.100000,122,True,True,77,113,137,1.483333,True,0.000000,4.000000,4.000000
4.116667,123,True,True,77,113,137,1.500000,True,0.000000,4.000000,4.000000
4.133333,123,True,True,77,113,137,1.516667,True,0.000000,4.000000,4.000000
4.150000,124,True,True,77,113,137,1.533333,True,0.000000,4.000000,4.000000
4.166667,124,True,True,77,113,137,1.550000,True,0.000000,4.000000,4.000000
4.183333,125,True,True,77,113,137,1.566667,True,0.000000,4.000000,4.000000
4.200000,125,True,True,77,113,137,1.583333,True,0.000000,4.000000,4.000000
4.216667,126,True,True,77,113,137,1.600000,True,0.000000,4.000000,4.000000
4.233333,126,True,True,77,113,137,1.616667,True,0.000000,4.000000,4.000000
4.250000,127,True,True,77,113,137,1.633333,True,0.000000,4.000000,4.000000
4.266667,127,True,True,77,113,137,1.650000,True,0.000000,4.000000,4.000000
4.283333,128,True,True,77,113,137,1.666667,True,0.000000,4.000000,4.000000
4.300000,128,True,True,77,113,137,1.683333,True,0.000000,4.000000,4.000000
4.316667,129,True,True,77,113,137,1.700000,True,0.000000,4.000000,4.000000
4.333333,129,True,True,77,113,137,1.716667,True,0.000000,4.000000,4.000000
4.350000,130,True,True,77,113,137,1.733333,True,0.000000,4.000000,4.000000
4.366667,130,True,True,77,113,137,1.750000,True,0.000000,4.000000,4.000000
4.383333,131,True,True,77,113,137,1.766667,True,0.000000,4.000000,4.000000
4.400000,131,True,True,77,113,137,1.783333,True,0.000000,4.000000,4.000000
4.416667,132,True,True,77,113,137,1.800000,True,0.000000,4.000000,4.000000
4.433333,132,True,True,77,113,137,1.816667,True,0.000000,4.000000,4.000000
4.450000,133,True,True,77,113,137,1.833333,False,0.000000,4.000000,4.000000
4.466667,133,True,True,77,113,137,1.850000,False,0.000000,4.000000,4.000000
4.483333,134,True,True,77,113,137,1.866667,False,0.000000,4.000000,4.000000
4.500000,134,True,True,77,113,137,1.883333,False,0.000000,4.000000,4.000000
4.516667,135,True,True,77,113,137,1.900000,False,0.000000,4.000000,4.000000
4.533333,135,True,True,77,113,137,1.916667,False,0.000000,4.000000,4.000000
4.550000,136,True,True,77,113,137,1.933333,False,0.000000,4.000000,4.000000
4.566667,136,True,True,77,113,137,1.950000,False,0.000000,4.000000,4.000000
4.583333,137,False,True,77,113,137,-1.000000,False,0.000000,4.000000,4.000000
4.600000,137,False,True,77,113,137,-1.000000,False,0.000000,4.000000,4.000000
4.616667,138,False,True,77,113,137,-1.000000,False,0.000000,4.000000,4.000000
4.633333,138,False,True,77,113,137,-1.000000,False,0.000000,4.000000,4.000000
4.650000,139,False,True,77,113,137,-1.000000,False,0.000000,4.000000,4.000000
4.666667,139,False,True,77,113,137,-1.000000,False,0.000000,4.000000,4.000000
4.683333,140,False,True,77,113,137,-1.000000,False,0.000000,4.000000,4.000000
4.700000,140,False,True,77,113,137,-1.000000,False,0.000000,4.000000,4.000000
4.716667,141,False,True,77,113,137,-1.000000,False,0.000000,4.000000,4.000000
4.733333,141,False,True,77,113,137,-1.000000,False,0.000000,4.000000,4.000000
4.750000,142,False,True,77,113,137,-1.000000,False,0.000000,4.000000,4.000000
4.766667,142,False,True,77,113,137,-1.000000,False,0.000000,4.000000,4.000000
4.783333,143,False,True,77,113,137,-1.000000,False,0.000000,4.000000,4.000000
4.800000,143,False,True,77,113,137,-1.000000,False,0.000000,4.000000,4.000000
4.816667,144,False,True,77,113,137,-1.000000,False,0.000000,4.000000,4.000000
4.833333,144,False,True,77,113,137,-1.000000,False,0.000000,4.000000,4.000000
4.850000,145,False,True,77,113,137,-1.000000,False,0.000000,4.000000,4.000000
4.866667,145,False,True,77,113,137,-1.000000,False,0.000000,4.000000,4.000000
4.883333,146,False,True,77,113,137,-1.000000,False,0.000000,4.000000,4.000000
4.900000,146,False,True,77,113,137,-1.000000,False,0.000000,4.000000,4.000000
4.916667,147,False,True,77,113,137,-1.000000,False,0.000000,4.000000,4.000000
4.933333,147,False,True,77,113,137,-1.000000,False,0.000000,4.000000,4.000000
4.950000,148,False,True,77,113,137,-1.000000,False,0.000000,4.000000,4.000000
4.966667,148,False,True,77,113,137,-1.000000,False,0.000000,4.000000,4.000000
4.983333,149,False,True,77,113,137,-1.000000,False,0.000000,4.000000,4.000000
5.000000,149,False,True,77,113,137,-1.000000,False,0.000000,4.000000,4.000000
5.016667,150,False,True,77,113,137,-1.000000,False,0.000000,4.000000,4.000000
5.033333,150,False,True,77,113,137,-1.000000,False,0.000000,4.000000,4.000000
5.050000,151,False,True,77,113,137,-1.000000,False,0.000000,4.000000,4.000000
5.066667,151,False,True,77,113,137,-1.000000,False,0.000000,4.000000,4.000000
5.083333,152,False,True,77,113,137,-1.000000,False,0.000000,4.000000,4.000000
5.100000,152,False,True,77,113,137,-1.000000,False,0.000000,4.000000,4.000000
5.116667,153,False,True,77,113,137,-1.000000,False,0.000000,4.000000,4.000000
5.133333,153,False,True,77,113,137,-1.000000,False,0.000000,4.000000,4.000000
5.150000,154,False,True,77,113,137,-1.000000,False,0.000000,4.000000,4.000000
5.166667,154,False,True,77,113,137,-1.000000,False,0.000000,4.000000,4.000000
5.183333,155,False,True,77,113,137,-1.000000,False,0.000000,4.000000,4.000000
5.200000,155,False,True,77,113,137,-1.000000,False,0.000000,4.000000,4.000000
5.216667,156,False,True,77,113,137,-1.000000,False,0.000000,4.000000,4.000000
5.233333,156,False,True,77,113,137,-1.000000,False,0.000000,4.000000,4.000000
5.250000,157,False,True,77,113,137,-1.000000,False,0.000000,4.000000,4.000000
5.266667,157,False,True,77,113,137,-1.000000,False,0.000000,4.000000,4.000000
5.283333,158,False,True,77,113,137,-1.000000,False,0.000000,4.000000,4.000000
5.300000,158,False,True,77,113,137,-1.000000,False,0.000000,4.000000,4.000000
5.316667,159,False,True,77,113,137,-1.000000,False,0.000000,4.000000,4.000000
5.333333,159,False,True,77,113,137,-1.000000,False,0.000000,4.000000,4.000000
5.350000,160,False,True,77,113,137,-1.000000,False,0.000000,4.000000,4.000000
5.366667,160,False,True,77,113,137,-1.000000,False,0.000000,4.000000,4.000000
5.383333,161,False,True,77,113,137,-1.000000,False,0.000000,4.000000,4.000000
5.400000,161,False,True,77,113,137,-1.000000,False,0.000000,4.000000,4.000000
5.416667,162,False,True,77,113,137,-1.000000,False,0.000000,4.000000,4.000000
5.433333,162,False,True,77,113,137,-1.000000,False,0.000000,4.000000,4.000000
5.450000,163,False,True,77,113,137,-1.000000,False,0.000000,4.000000,4.000000
5.466667,163,False,True,77,113,137,-1.000000,False,0.000000,4.000000,4.000000
5.483333,164,False,True,77,113,137,-1.000000,False,0.000000,4.000000,4.000000
5.500000,164,False,True,77,113,137,-1.000000,False,0.000000,4.000000,4.000000
5.516667,165,False,True,77,113,137,-1.000000,False,0.000000,4.000000,4.000000
5.533333,165,False,True,77,113,137,-1.000000,False,0.000000,4.000000,4.000000
5.550000,166,False,True,77,113,137,-1.000000,False,0.000000,4.000000,4.000000
5.566667,166,False,True,77,113,137,-1.000000,False,0.000000,4.000000,4.000000
5.583333,167,False,True,77,113,137,-1.000000,False,0.000000,4.000000,4.000000
5.600000,167,False,True,77,113,137,-1.000000,False,0.000000,4.000000,4.000000
5.616667,168,False,True,77,113,137,-1.000000,False,0.000000,4.000000,4.000000
5.633333,168,False,True,77,113,137,-1.000000,False,0.000000,4.000000,4.000000
5.650000,169,False,True,77,113,137,-1.000000,False,0.000000,4.000000,4.000000
5.666667,169,False,True,77,113,137,-1.000000,False,0.000000,4.000000,4.000000
5.683333,170,False,True,77,113,137,-1.000000,False,0.000000,4.000000,4.000000
5.700000,170,False,True,77,113,137,-1.000000,False,0.000000,4.000000,4.000000
5.716667,171,False,True,77,113,137,-1.000000,False,0.000000,4.000000,4.000000
5.733333,171,False,True,77,113,137,-1.000000,False,0.000000,4.000000,4.000000
5.750000,172,False,True,77,113,137,-1.000000,False,0.000000,4.000000,4.000000
5.766667,172,False,True,77,113,137,-1.000000,False,0.000000,4.000000,4.000000
5.783333,173,False,True,77,113,137,-1.000000,False,0.000000,4.000000,4.000000
5.800000,173,False,True,77,113,137,-1.000000,False,0.000000,4.000000,4.000000
5.816667,174,False,True,77,113,137,-1.000000,False,0.000000,4.000000,4.000000
5.833333,174,False,True,77,113,137,-1.000000,False,0.000000,4.000000,4.000000
5.850000,175,False,True,77,113,137,-1.000000,False,0.000000,4.000000,4.000000
5.866667,175,False,True,77,113,137,-1.000000,False,0.000000,4.000000,4.000000
5.883333,176,False,True,77,113,137,-1.000000,False,0.000000,4.000000,4.000000
5.900000,176,False,True,77,113,137,-1.000000,False,0.000000,4.000000,4.000000
5.916667,177,False,True,77,113,137,-1.000000,False,0.000000,4.000000,4.000000
5.933333,177,False,True,77,113,137,-1.000000,False,0.000000,4.000000,4.000000
5.950000,178,False,True,77,113,137,-1.000000,False,0.000000,4.000000,4.000000
5.966667,178,False,True,77,113,137,-1.000000,False,0.000000,4.000000,4.000000
5.983333,179,False,True,77,113,137,-1.000000,False,0.000000,4.000000,4.000000
6.000000,179,False,True,77,113,137,-1.000000,False,0.000000,4.000000,4.000000
6.016667,180,False,True,77,113,137,-1.000000,False,0.000000,4.000000,4.000000
6.033333,180,False,True,77,113,137,-1.000000,False,0.000000,4.000000,4.000000
6.050000,181,False,True,77,113,137,-1.000000,False,0.000000,4.000000,4.000000
6.066667,181,False,True,77,113,137,-1.000000,False,0.000000,4.000000,4.000000
6.083333,182,False,True,77,113,137,-1.000000,False,0.000000,4.000000,4.000000
6.100000,182,False,True,77,113,137,-1.000000,False,0.000000,4.000000,4.000000
6.116667,183,False,True,77,113,137,-1.000000,False,0.000000,4.000000,4.000000
6.133333,183,False,True,77,113,137,-1.000000,False,0.000000,4.000000,4.000000
6.150000,184,False,True,77,113,137,-1.000000,False,0.000000,4.000000,4.000000
6.166667,184,False,True,77,113,137,-1.000000,False,0.000000,4.000000,4.000000
6.183333,185,False,True,77,113,137,-1.000000,False,0.000000,4.000000,4.000000
6.200000,185,False,True,77,113,137,-1.000000,False,0.000000,4.000000,4.000000
6.216667,186,False,True,77,113,137,-1.000000,False,0.000000,4.000000,4.000000
6.233333,186,False,True,77,113,137,-1.000000,False,0.000000,4.000000,4.000000
6.250000,187,False,True,77,113,137,-1.000000,False,0.000000,4.000000,4.000000
6.266667,187,False,True,77,113,137,-1.000000,False,0.000000,4.000000,4.000000
6.283333,188,False,True,77,113,137,-1.000000,False,0.000000,4.000000,4.000000
6.300000,188,False,True,77,113,137,-1.000000,False,0.000000,4.000000,4.000000
6.316667,189,False,True,77,113,137,-1.000000,False,0.000000,4.000000,4.000000
6.333333,189,False,True,77,113,137,-1.000000,False,0.000000,4.000000,4.000000
6.350000,190,False,True,77,113,137,-1.000000,False,0.000000,4.000000,4.000000
6.366667,190,False,True,77,113,137,-1.000000,False,0.000000,4.000000,4.000000
6.383333,191,False,True,77,113,137,-1.000000,False,0.000000,4.000000,4.000000
6.400000,191,False,True,77,113,137,-1.000000,False,0.000000,4.000000,4.000000
6.416667,192,False,True,77,113,137,-1.000000,False,0.000000,4.000000,4.000000
6.433333,192,False,True,77,113,137,-1.000000,False,0.000000,4.000000,4.000000
6.450000,193,False,True,77,113,137,-1.000000,False,0.000000,4.000000,4.000000
6.466667,193,False,True,77,113,137,-1.000000,False,0.000000,4.000000,4.000000
6.483333,194,False,True,77,113,137,-1.000000,False,0.000000,4.000000,4.000000
6.500000,194,False,True,77,113,137,-1.000000,False,0.000000,4.000000,4.000000
6.516667,195,False,True,77,113,137,-1.000000,False,0.000000,4.000000,4.000000
6.533333,195,False,True,77,113,137,-1.000000,False,0.000000,4.000000,4.000000
6.550000,196,False,True,77,113,137,-1.000000,False,0.000000,4.000000,4.000000
6.566667,196,False,True,77,113,137,-1.000000,False,0.000000,4.000000,4.000000
6.583333,197,False,True,77,113,137,-1.000000,False,0.000000,4.000000,4.000000
6.600000,197,False,True,77,113,137,-1.000000,False,0.000000,4.000000,4.000000
6.616667,198,False,True,77,113,137,-1.000000,False,0.000000,4.000000,4.000000
6.633333,198,False,True,77,113,137,-1.000000,False,0.000000,4.000000,4.000000
6.650000,199,False,True,77,113,137,-1.000000,False,0.000000,4.000000,4.000000
6.666667,199,False,True,77,113,137,-1.000000,False,0.000000,4.000000,4.000000
6.683333,200,False,True,77,113,137,-1.000000,False,0.000000,4.000000,4.000000
6.700000,200,False,True,77,113,137,-1.000000,False,0.000000,4.000000,4.000000
6.716667,201,False,True,77,113,137,-1.000000,False,0.000000,4.000000,4.000000
6.733333,201,False,True,77,113,137,-1.000000,False,0.000000,4.000000,4.000000
6.750000,202,False,True,77,113,137,-1.000000,False,0.000000,4.000000,4.000000
6.766667,202,False,True,77,113,137,-1.000000,False,0.000000,4.000000,4.000000
6.783333,203,False,False,77,113,137,-1.000000,False,0.000000,4.000000,4.000000
6.800000,203,False,False,77,113,137,-1.000000,False,0.000000,4.000000,4.000000
6.816667,204,False,False,77,113,137,-1.000000,False,0.000000,4.000000,4.000000
6.833333,204,False,False,77,113,137,-1.000000,False,0.000000,4.000000,4.000000
6.850000,205,False,False,77,113,137,-1.000000,False,0.000000,4.000000,4.000000
6.866667,205,False,False,77,113,137,-1.000000,False,0.000000,4.000000,4.000000
6.883333,206,False,False,77,113,137,-1.000000,False,0.000000,4.000000,4.000000
6.900000,206,False,False,77,113,137,-1.000000,False,0.000000,4.000000,4.000000
6.916667,207,False,False,77,113,137,-1.000000,False,0.000000,4.000000,4.000000
6.933333,207,False,False,77,113,137,-1.000000,False,0.000000,4.000000,4.000000
6.950000,208,False,False,77,113,137,-1.000000,False,0.000000,4.000000,4.000000
6.966667,208,False,False,77,113,137,-1.000000,False,0.000000,4.000000,4.000000
6.983333,209,False,False,77,113,137,-1.000000,False,0.000000,4.000000,4.000000
7.000000,209,False,False,77,113,137,-1.000000,False,0.000000,4.000000,4.000000
7.016667,210,False,False,77,113,137,-1.000000,False,0.000000,4.000000,4.000000
7.033333,210,False,False,77,113,137,-1.000000,False,0.000000,4.000000,4.000000
7.050000,211,False,False,77,113,137,-1.000000,False,0.000000,4.000000,4.000000
7.066667,211,False,False,77,113,137,-1.000000,False,0.000000,4.000000,4.000000
7.083333,212,False,False,77,113,137,-1.000000,False,0.000000,4.000000,4.000000
7.100000,212,False,False,77,113,137,-1.000000,False,0.000000,4.000000,4.000000
7.116667,213,False,False,77,113,137,-1.000000,False,0.000000,4.000000,4.000000
7.133333,213,False,False,77,113,137,-1.000000,False,0.000000,4.000000,4.000000
7.150000,214,False,False,77,113,137,-1.000000,False,0.000000,4.000000,4.000000
7.166667,214,False,False,77,113,137,-1.000000,False,0.000000,4.000000,4.000000
7.183333,215,False,False,77,113,137,-1.000000,False,0.000000,4.000000,4.000000
7.200000,215,False,False,77,113,137,-1.000000,False,0.000000,4.000000,4.000000
7.216667,216,False,False,77,113,137,-1.000000,False,0.000000,4.000000,4.000000
7.233333,216,False,False,77,113,137,-1.000000,False,0.000000,4.000000,4.000000
7.250000,217,False,False,77,113,137,-1.000000,False,0.000000,4.000000,4.000000
7.266667,217,False,False,77,113,137,-1.000000,False,0.000000,4.000000,4.000000
7.283333,218,False,False,77,113,137,-1.000000,False,0.000000,4.000000,4.000000
7.300000,218,False,False,77,113,137,-1.000000,False,0.000000,4.000000,4.000000
7.316667,219,False,False,77,113,137,-1.000000,False,0.000000,4.000000,4.000000
7.333333,219,False,False,77,113,137,-1.000000,False,0.000000,4.000000,4.000000
7.350000,220,False,False,77,113,137,-1.000000,False,0.000000,4.000000,4.000000
7.366667,220,False,False,77,113,137,-1.000000,False,0.000000,4.000000,4.000000
7.383333,221,False,False,77,113,137,-1.000000,False,0.000000,4.000000,4.000000
7.400000,221,False,False,77,113,137,-1.000000,False,0.000000,4.000000,4.000000
7.416667,222,False,False,77,113,137,-1.000000,False,0.000000,4.000000,4.000000
7.433333,222,False,False,77,113,137,-1.000000,False,0.000000,4.000000,4.000000
7.450000,223,False,False,77,113,137,-1.000000,False,0.000000,4.000000,4.000000
7.466667,223,False,False,77,113,137,-1.000000,False,0.000000,4.000000,4.000000
7.483333,224,False,False,77,113,137,-1.000000,False,0.000000,4.000000,4.000000
7.500000,224,False,False,77,113,137,-1.000000,False,0.000000,4.000000,4.000000
7.516667,225,False,False,77,113,137,-1.000000,False,0.000000,4.000000,4.000000
7.533333,225,False,False,77,113,137,-1.000000,False,0.000000,4.000000,4.000000
7.550000,226,False,False,77,113,137,-1.000000,False,0.000000,4.000000,4.000000
7.566667,226,False,False,77,113,137,-1.000000,False,0.000000,4.000000,4.000000
7.583333,227,False,False,77,113,137,-1.000000,False,0.000000,4.000000,4.000000
7.600000,227,False,False,77,113,137,-1.000000,False,0.000000,4.000000,4.000000
