time,tick,attack,damage,variant,state,phase,upperWeight,lowerWeight,bladeX,bladeY,bladeZ,cast,abilityDamage,baseState,basePhase,deaths,timeScale,heldAnchor,flyingAnchors,handX,handY,handZ
0.016667,0,0,0,-1,other,0.000000,0.000000,0.000000,-0.117334,0.274901,-0.488358,0,0,1160858440,0.000000,0,1.000000,1,0,-0.329000,0.889821,0.020846
0.033333,0,0,0,-1,other,0.011111,0.008916,0.000000,-0.117378,0.274908,-0.488254,0,0,1160858440,0.001840,0,1.000000,1,0,-0.329164,0.889498,0.021238
0.050000,1,0,0,-1,other,0.022222,0.034294,0.000000,-0.117421,0.274917,-0.488149,0,0,1160858440,0.003680,0,1.000000,1,0,-0.329446,0.888497,0.022253
0.066667,1,0,0,-1,other,0.033333,0.074074,0.000000,-0.117463,0.274928,-0.488044,0,0,1160858440,0.005520,0,1.000000,1,0,-0.329715,0.886828,0.023731
0.083333,2,0,0,-1,other,0.044444,0.126200,0.000000,-0.117504,0.274940,-0.487939,0,0,1160858440,0.007360,0,1.000000,1,0,-0.329797,0.884479,0.025512
0.100000,2,0,0,-1,other,0.055556,0.188615,0.000000,-0.117545,0.274953,-0.487835,0,0,1160858440,0.009200,0,1.000000,1,0,-0.329496,0.881424,0.027435
0.116667,3,0,0,-1,other,0.066667,0.259259,0.000000,-0.117587,0.274967,-0.487732,0,0,1160858440,0.011040,0,1.000000,1,0,-0.328614,0.877646,0.029336
0.133333,3,0,0,-1,other,0.077778,0.336077,0.000000,-0.117628,0.274980,-0.487629,0,0,1160858440,0.012880,0,1.000000,1,0,-0.326974,0.873148,0.031059
0.150000,4,0,0,-1,other,0.088889,0.417010,0.000000,-0.117670,0.274992,-0.487528,0,0,1160858440,0.014720,0,1.000000,1,0,-0.324435,0.867967,0.032455
0.166667,4,0,0,-1,other,0.100000,0.500000,0.000000,-0.117713,0.275004,-0.487429,0,0,1160858440,0.016560,0,1.000000,1,0,-0.320909,0.862205,0.033436
0.183333,5,0,0,-1,other,0.111111,0.582990,0.000000,-0.117756,0.275013,-0.487332,0,0,1160858440,0.018400,0,1.000000,1,0,-0.316465,0.856193,0.033897
0.200000,5,0,0,-1,other,0.122222,0.663923,0.000000,-0.117802,0.275021,-0.487237,0,0,1160858440,0.020240,0,1.000000,1,0,-0.311329,0.850500,0.033678
0.216667,6,0,0,-1,other,0.133333,0.740741,0.000000,-0.117848,0.275025,-0.487145,0,0,1160858440,0.022080,0,1.000000,1,0,-0.305851,0.845909,0.032625
0.233333,6,0,0,-1,other,0.144445,0.811386,0.000000,-0.117898,0.275027,-0.487057,0,0,1160858440,0.023920,0,1.000000,1,0,-0.299972,0.843179,0.031116
0.250000,7,0,0,-1,other,0.155556,0.873800,0.000000,-0.117948,0.275028,-0.486972,0,0,1160858440,0.025760,0,1.000000,1,0,-0.293687,0.842682,0.028954
0.266667,7,0,0,-1,other,0.166667,0.925926,0.000000,-0.118000,0.275028,-0.486889,0,0,1160858440,0.027600,0,1.000000,1,0,-0.287994,0.844906,0.026462
0.283333,8,0,0,-1,other,0.177778,0.965707,0.000000,-0.118052,0.275028,-0.486807,0,0,1160858440,0.029440,0,1.000000,1,0,-0.283755,0.849757,0.023438
0.300000,8,0,0,-1,other,0.188889,0.991084,0.000000,-0.118106,0.275027,-0.486727,0,0,1160858440,0.031280,0,1.000000,1,0,-0.280762,0.856630,0.019122
0.316667,9,0,0,-1,other,0.200000,1.000000,0.000000,-0.118160,0.275025,-0.486650,0,0,1160858440,0.033120,0,1.000000,1,0,-0.278328,0.865053,0.013860
0.333333,9,0,0,-1,other,0.211111,1.000000,0.000000,-0.118216,0.275023,-0.486575,0,0,1160858440,0.034960,0,1.000000,1,0,-0.275494,0.874232,0.006523
0.350000,10,0,0,-1,other,0.222222,1.000000,0.000000,-0.118271,0.275020,-0.486502,0,0,1160858440,0.036800,0,1.000000,1,0,-0.271816,0.883761,-0.002337
0.366667,10,0,0,-1,other,0.233333,1.000000,0.000000,-0.118328,0.275017,-0.486432,0,0,1160858440,0.038640,0,1.000000,1,0,-0.267814,0.893089,-0.012222
0.383333,11,0,0,-1,other,0.244444,1.000000,0.000000,-0.118385,0.275013,-0.486365,0,0,1160858440,0.040480,0,1.000000,1,0,-0.263644,0.901503,-0.022096
0.400000,11,0,0,-1,other,0.255556,1.000000,0.000000,-0.118443,0.275010,-0.486299,0,0,1160858440,0.042320,0,1.000000,1,0,-0.259442,0.908566,-0.030849
0.416667,12,0,0,-1,other,0.266667,1.000000,0.000000,-0.118501,0.275005,-0.486237,0,0,1160858440,0.044160,0,1.000000,1,0,-0.255378,0.914023,-0.039324
0.433333,12,0,0,-1,other,0.277778,1.000000,0.000000,-0.118560,0.275001,-0.486178,0,0,1160858440,0.046000,0,1.000000,1,0,-0.251319,0.917497,-0.047585
0.450000,13,0,0,-1,other,0.288889,1.000000,0.000000,-0.118619,0.274997,-0.486121,0,0,1160858440,0.047840,0,1.000000,1,0,-0.247258,0.918624,-0.055625
0.466667,13,0,0,-1,other,0.300000,1.000000,0.000000,-0.118675,0.274999,-0.486070,0,0,1160858440,0.049680,0,1.000000,1,0,-0.243784,0.917509,-0.061732
0.483333,14,0,0,-1,other,0.311111,1.000000,0.000000,-0.118730,0.275009,-0.486023,0,0,1160858440,0.051520,0,1.000000,1,0,-0.241370,0.914855,-0.064904
0.500000,14,0,0,-1,other,0.322222,1.000000,0.000000,-0.118782,0.275023,-0.485977,0,0,1160858440,0.053360,0,1.000000,1,0,-0.239952,0.911325,-0.066197
0.516667,15,0,0,-1,other,0.333333,1.000000,0.000000,-0.118833,0.275042,-0.485934,0,0,1160858440,0.055200,0,1.000000,1,0,-0.239413,0.907652,-0.066657
0.533333,15,0,0,-1,other,0.344445,1.000000,0.000000,-0.118882,0.275065,-0.485892,0,0,1160858440,0.057040,0,1.000000,1,0,-0.239511,0.904560,-0.067311
0.550000,16,0,0,-1,other,0.355556,1.000000,0.000000,-0.118930,0.275091,-0.485852,0,0,1160858440,0.058880,0,1.000000,1,0,-0.239803,0.902719,-0.069103
0.566667,16,0,0,-1,other,0.366667,1.000000,0.000000,-0.118978,0.275120,-0.485813,0,0,1160858440,0.060720,0,1.000000,1,0,-0.239990,0.902396,-0.071500
0.583333,17,0,0,-1,other,0.377778,1.000000,0.000000,-0.119025,0.275150,-0.485775,0,0,1160858440,0.062560,0,1.000000,1,0,-0.240392,0.903481,-0.073199
0.600000,17,0,0,-1,other,0.388889,1.000000,0.000000,-0.119072,0.275181,-0.485737,0,0,1160858440,0.064400,0,1.000000,1,0,-0.241082,0.905616,-0.074425
0.616667,18,0,0,-1,other,0.400000,1.000000,0.000000,-0.119120,0.275212,-0.485700,0,0,1160858440,0.066240,0,1.000000,1,0,-0.241867,0.908181,-0.076062
0.633333,18,0,0,-1,other,0.411111,1.000000,0.000000,-0.119169,0.275243,-0.485663,0,0,1160858440,0.068080,0,1.000000,1,0,-0.242490,0.910809,-0.078890
0.650000,19,0,0,-1,other,0.422222,1.000000,0.000000,-0.119218,0.275273,-0.485624,0,0,1160858440,0.069920,0,1.000000,1,0,-0.242658,0.913146,-0.083767
0.666667,19,0,0,-1,other,0.433333,1.000000,0.000000,-0.124029,0.279774,-0.494959,0,0,1160858440,0.071760,0,1.000000,1,0,-0.242086,0.915222,-0.091723
0.683333,20,0,0,-1,other,0.444444,1.000000,0.000000,-0.134606,0.293131,-0.518014,0,0,1160858440,0.073600,0,1.000000,1,0,-0.240670,0.917351,-0.102473
0.700000,20,0,0,-1,other,0.455556,1.000000,0.000000,-0.143065,0.315685,-0.545874,0,0,1160858440,0.075440,0,1.000000,1,0,-0.238485,0.919648,-0.115059
0.716667,21,0,0,-1,other,0.466667,1.000000,0.000000,-0.142123,0.348123,-0.572418,0,0,1160858440,0.077280,0,1.000000,1,0,-0.235604,0.922233,-0.128525
0.733333,21,0,0,-1,other,0.477778,1.000000,0.000000,-0.130503,0.394070,-0.598319,0,0,1160858440,0.079120,0,1.000000,1,0,-0.232082,0.925118,-0.141790
0.750000,22,0,0,-1,other,0.488889,1.000000,0.000000,-0.106652,0.452870,-0.615656,0,0,1160858440,0.080960,0,1.000000,1,0,-0.227880,0.928172,-0.153748
0.766667,22,0,0,-1,other,0.500000,1.000000,0.000000,-0.067388,0.516275,-0.611120,0,0,1160858440,0.082800,0,1.000000,1,0,-0.223161,0.931395,-0.163005
0.783333,23,0,0,-1,other,0.511111,1.000000,0.000000,-0.019023,0.578387,-0.582966,0,0,1160858440,0.084640,0,1.000000,1,0,-0.218948,0.934644,-0.169070
0.800000,23,0,0,-1,other,0.522222,1.000000,0.000000,0.021881,0.634406,-0.534836,0,0,1160858440,0.086480,0,1.000000,1,0,-0.216430,0.937510,-0.172188
0.816667,24,0,0,-1,other,0.533333,1.000000,0.000000,0.033843,0.673563,-0.473660,0,0,1160858440,0.088320,0,1.000000,1,0,-0.216838,0.939650,-0.172607
0.833333,24,0,0,-1,other,0.544445,1.000000,0.000000,-0.008343,0.691075,-0.402568,0,0,1160858440,0.090160,0,1.000000,1,0,-0.221447,0.940786,-0.170635
0.850000,25,0,0,-1,other,0.555556,1.000000,0.000000,-0.121584,0.702676,-0.328526,0,0,1160858440,0.092000,0,1.000000,1,0,-0.229225,0.940175,-0.169537
0.866667,25,0,0,-1,other,0.566667,1.000000,0.000000,-0.295402,0.728578,-0.208191,0,0,1160858440,0.093840,0,1.000000,1,0,-0.246574,0.938825,-0.162174
0.883333,26,0,0,-1,other,0.577778,1.000000,0.000000,-0.477061,0.800313,-0.007328,0,0,1160858440,0.095680,0,1.000000,1,0,-0.268720,0.936127,-0.150605
0.900000,26,0,0,-1,other,0.588889,1.000000,0.000000,-0.587074,0.929808,0.285638,0,0,1160858440,0.097520,0,1.000000,1,0,-0.292668,0.932012,-0.134253
0.916667,27,0,0,-1,other,0.600000,1.000000,0.000000,-0.534469,1.076569,0.598895,0,0,1160858440,0.099360,0,1.000000,1,0,-0.316878,0.926800,-0.113381
0.933333,27,0,0,-1,other,0.611111,1.000000,0.000000,-0.360349,1.226282,0.836653,0,0,1160858440,0.101200,0,1.000000,1,0,-0.340287,0.920801,-0.090101
0.950000,28,0,0,-1,other,0.622223,1.000000,0.000000,-0.093438,1.354618,0.990915,0,0,1160858440,0.103040,0,1.000000,1,0,-0.362173,0.914206,-0.066862
0.966667,28,0,0,-1,other,0.633334,1.000000,0.000000,0.183767,1.456516,1.035639,0,0,1160858440,0.104880,0,1.000000,1,0,-0.381566,0.907161,-0.044745
0.983333,29,0,0,-1,other,0.644445,1.000000,0.000000,0.443652,1.518739,1.001608,0,0,1160858440,0.106720,0,1.000000,1,0,-0.397799,0.899765,-0.024696
1.000000,29,0,0,-1,other,0.655556,1.000000,0.000000,0.654444,1.517682,0.924369,0,0,1160858440,0.108560,0,1.000000,1,0,-0.410400,0.891748,-0.006470
1.016667,30,0,0,-1,other,0.666667,1.000000,0.000000,0.828576,1.479088,0.823385,0,0,1160858440,0.110400,0,1.000000,1,0,-0.419874,0.883014,0.010999
1.033333,30,0,0,-1,other,0.677778,1.000000,0.000000,0.983102,1.416678,0.697334,0,0,1160858440,0.112240,0,1.000000,1,0,-0.427005,0.874110,0.028039
1.050000,31,0,0,-1,other,0.688889,1.000000,0.000000,1.099332,1.337860,0.559727,0,0,1160858440,0.114080,0,1.000000,1,0,-0.432542,0.865592,0.045005
1.066667,31,0,0,-1,other,0.700001,1.000000,0.000000,1.177173,1.263215,0.416566,0,0,1160858440,0.115920,0,1.000000,1,0,-0.436972,0.858138,0.061835
1.083333,32,0,0,-1,other,0.711112,1.000000,0.000000,1.223491,1.195593,0.273389,0,0,1160858440,0.117760,0,1.000000,1,0,-0.440115,0.852080,0.078789
1.100000,32,0,0,-1,other,0.722223,1.000000,0.000000,1.242456,1.135043,0.143369,0,0,1160858440,0.119600,0,1.000000,1,0,-0.441240,0.846974,0.096090
1.116667,33,0,0,-1,other,0.733334,1.000000,0.000000,1.241216,1.082650,0.040201,0,0,1160858440,0.121440,0,1.000000,1,0,-0.439692,0.842081,0.113440
1.133333,33,0,0,-1,other,0.744445,1.000000,0.000000,1.228639,1.037553,-0.020350,0,0,1160858440,0.123280,0,1.000000,1,0,-0.435434,0.837153,0.130400
1.150000,34,0,0,-1,other,0.755556,1.000000,0.000000,1.212437,0.996852,-0.056851,0,0,1160858440,0.125120,0,1.000000,1,0,-0.429445,0.832147,0.145826
1.166667,34,0,0,-1,other,0.766667,1.000000,0.000000,1.194797,0.955750,-0.088828,0,0,1160858440,0.126960,0,1.000000,1,0,-0.422340,0.827180,0.159656
1.183333,35,0,0,-1,other,0.777779,1.000000,0.000000,1.176541,0.910950,-0.111951,0,0,1160858440,0.128800,0,1.000000,1,0,-0.414470,0.822382,0.172161
1.200000,35,0,0,-1,other,0.788890,1.000000,0.000000,1.158017,0.862290,-0.129660,0,0,1160858440,0.130640,0,1.000000,1,0,-0.406370,0.817831,0.183135
1.216667,36,0,0,-1,other,0.800001,1.000000,0.000000,1.139174,0.812978,-0.145051,0,0,1160858440,0.132480,0,1.000000,1,0,-0.398603,0.813597,0.192462
1.233333,36,0,0,-1,other,0.811112,0.991082,0.000000,1.121096,0.767167,-0.147879,0,0,1160858440,0.134320,0,1.000000,1,0,-0.390680,0.810415,0.201765
1.250000,37,0,0,-1,other,0.822223,0.965704,0.000000,1.105742,0.731890,-0.128278,0,0,1160858440,0.136160,0,1.000000,1,0,-0.381661,0.809047,0.212922
1.266667,37,0,0,-1,other,0.833334,0.925922,0.000000,1.093541,0.712972,-0.088268,0,0,1160858440,0.138000,0,1.000000,1,0,-0.371452,0.809635,0.226160
1.283333,38,0,0,-1,other,0.844445,0.873795,0.000000,1.082719,0.714325,-0.027500,0,0,1160858440,0.139840,0,1.000000,1,0,-0.359978,0.812390,0.241531
1.300000,38,0,0,-1,other,0.855557,0.811380,0.000000,1.069288,0.738642,0.052527,0,0,1160858440,0.141680,0,1.000000,1,0,-0.347219,0.817558,0.258899
1.316667,39,0,0,-1,other,0.866668,0.740734,0.000000,1.047128,0.786476,0.148656,0,0,1160858440,0.143520,0,1.000000,1,0,-0.333233,0.825379,0.277932
1.333333,39,0,0,-1,other,0.877779,0.663916,0.000000,1.009600,0.854412,0.254830,0,0,1160858440,0.145360,0,1.000000,1,0,-0.318189,0.836031,0.298129
1.350000,40,0,0,-1,other,0.888890,0.582983,0.000000,0.950985,0.935544,0.364276,0,0,1160858440,0.147200,0,1.000000,1,0,-0.302346,0.849541,0.318832
1.366667,40,0,0,-1,other,0.900001,0.499992,0.000000,0.867562,1.021920,0.470590,0,0,1160858440,0.149040,0,1.000000,1,0,-0.285968,0.865753,0.339320
1.383333,41,0,0,-1,other,0.911112,0.417002,0.000000,0.759606,1.105165,0.566957,0,0,1160858440,0.150880,0,1.000000,1,0,-0.269408,0.884278,0.358850
1.400000,41,0,0,-1,other,0.922223,0.336069,0.000000,0.632041,1.178159,0.647323,0,0,1160858440,0.152720,0,1.000000,1,0,-0.253022,0.904526,0.376759
1.416667,42,0,0,-1,other,0.933335,0.259252,0.000000,0.493567,1.236368,0.707727,0,0,1160858440,0.154560,0,1.000000,1,0,-0.237261,0.925657,0.392478
1.433333,42,0,0,-1,other,0.944446,0.188608,0.000000,0.355115,1.278641,0.747226,0,0,1160858440,0.156400,0,1.000000,1,0,-0.222480,0.946712,0.405644
1.450000,43,0,0,-1,other,0.955557,0.126194,0.000000,0.227107,1.306378,0.768156,0,0,1160858440,0.158240,0,1.000000,1,0,-0.209178,0.966547,0.416054
1.466667,43,0,0,-1,other,0.966668,0.074069,0.000000,0.117977,1.322527,0.775329,0,0,1160858440,0.160080,0,1.000000,1,0,-0.197832,0.984001,0.423800
1.483333,44,0,0,-1,other,0.977779,0.034290,0.000000,0.033700,1.330606,0.774447,0,0,1160858440,0.161920,0,1.000000,1,0,-0.189043,0.997862,0.429079
1.500000,44,0,0,-1,other,0.988890,0.008914,0.000000,-0.021473,1.334016,0.770978,0,0,1160858440,0.163760,0,1.000000,1,0,-0.183210,1.007099,0.432245
1.516667,45,0,0,-1,other,1.000001,0.000000,0.000000,-0.032288,1.330688,0.768359,0,0,1160858440,0.165600,0,1.000000,1,0,-0.172671,1.007837,0.432877
1.533333,45,0,0,-1,other,1.011112,0.000000,0.000000,-0.032358,1.344105,0.769266,0,0,1160858440,0.167440,0,1.000000,1,0,-0.172081,1.008219,0.435346
1.550000,46,0,0,-1,other,1.022224,0.000000,0.000000,-0.031023,1.356200,0.770858,0,0,1160858440,0.169280,0,1.000000,1,0,-0.172487,1.008459,0.437947
1.566667,46,0,0,-1,other,1.033335,0.000000,0.000000,-0.029668,1.367059,0.773721,0,0,1160858440,0.171120,0,1.000000,1,0,-0.173333,1.010096,0.441698
1.583333,47,0,0,-1,other,1.044446,0.000000,0.000000,-0.028868,1.375678,0.776857,0,0,1160858440,0.172960,0,1.000000,1,0,-0.174173,1.011964,0.445682
1.600000,47,0,0,-1,other,1.055557,0.000000,0.000000,-0.030589,1.383727,0.781937,0,0,1160858440,0.174800,0,1.000000,1,0,-0.175811,1.016392,0.451590
1.616667,48,0,0,-1,other,1.066668,0.000000,0.000000,-0.033149,1.389834,0.787156,0,0,1160858440,0.176640,0,1.000000,1,0,-0.177370,1.021040,0.457659
1.633333,48,0,0,-1,other,1.077779,0.000000,0.000000,-0.036804,1.394671,0.792792,0,0,1160858440,0.178480,0,1.000000,1,0,-0.179238,1.026107,0.464257
1.650000,49,0,0,-1,other,1.088890,0.000000,0.000000,-0.040220,1.398813,0.798421,0,0,1160858440,0.180320,0,1.000000,1,0,-0.180953,1.031386,0.470944
1.666667,49,0,0,-1,other,1.100002,0.000000,0.000000,-0.042830,1.402606,0.804057,0,0,1160858440,0.182160,0,1.000000,1,0,-0.183031,1.036155,0.477751
1.683333,50,0,0,-1,other,1.111113,0.000000,0.000000,-0.044553,1.406364,0.809632,0,0,1160858440,0.184000,0,1.000000,1,0,-0.184883,1.041131,0.484571
1.700000,50,0,0,-1,other,1.122224,0.000000,0.000000,-0.045534,1.409122,0.815434,0,0,1160858440,0.185840,0,1.000000,1,0,-0.186536,1.045385,0.491671
1.716667,51,0,0,-1,other,1.133335,0.000000,0.000000,-0.045780,1.411764,0.821144,0,0,1160858440,0.187680,0,1.000000,1,0,-0.187885,1.049840,0.498706
1.733333,51,0,0,-1,other,1.144446,0.000000,0.000000,-0.045558,1.412790,0.826684,0,0,1160858440,0.189520,0,1.000000,1,0,-0.189084,1.053036,0.505577
1.750000,52,0,0,-1,other,1.155557,0.000000,0.000000,-0.044753,1.413614,0.832097,0,0,1160858440,0.191360,0,1.000000,1,0,-0.189901,1.056425,0.512303
1.766667,52,0,0,-1,other,1.166668,0.000000,0.000000,-0.042912,1.412530,0.837000,0,0,1160858440,0.193200,0,1.000000,1,0,-0.189919,1.058476,0.518473
1.783333,53,0,0,-1,other,1.177780,0.000000,0.000000,-0.041256,1.411406,0.841802,0,0,1160858440,0.195040,0,1.000000,1,0,-0.189797,1.060684,0.524476
1.800000,53,0,0,-1,other,1.188891,0.000000,0.000000,-0.039796,1.408984,0.845844,0,0,1160858440,0.196880,0,1.000000,1,0,-0.189240,1.061353,0.529635
1.816667,54,0,0,-1,other,1.200002,0.000000,0.000000,-0.040101,1.406492,0.849958,0,0,1160858440,0.198720,0,1.000000,1,0,-0.189103,1.062085,0.534711
1.833333,54,0,0,-1,other,1.211113,0.000000,0.000000,-0.043000,1.402408,0.853489,0,0,1160858440,0.200560,0,1.000000,1,0,-0.189324,1.061478,0.538986
1.850000,55,0,0,-1,other,1.222224,0.000000,0.000000,-0.048545,1.397651,0.857248,0,0,1160858440,0.202400,0,1.000000,1,0,-0.190206,1.060802,0.543248
1.866667,55,0,0,-1,other,1.233335,0.000000,0.000000,-0.056232,1.390770,0.860480,0,0,1160858440,0.204240,0,1.000000,1,0,-0.190979,1.059147,0.546718
1.883333,56,0,0,-1,other,1.244446,0.000000,0.000000,-0.066036,1.382926,0.863917,0,0,1160858440,0.206080,0,1.000000,1,0,-0.192333,1.057286,0.550182
1.900000,56,0,0,-1,other,1.255558,0.000000,0.000000,-0.076949,1.373446,0.866460,0,0,1160858440,0.207920,0,1.000000,1,0,-0.193752,1.054420,0.552544
1.916667,57,0,0,-1,other,1.266669,0.000000,0.000000,-0.088978,1.363379,0.869077,0,0,1160858440,0.209760,0,1.000000,1,0,-0.195665,1.051338,0.554912
1.933333,57,0,0,-1,other,1.277780,0.000000,0.000000,-0.100864,1.352708,0.870531,0,0,1160858440,0.211600,0,1.000000,1,0,-0.197377,1.047941,0.556083
1.950000,58,0,0,-1,other,1.288891,0.000000,0.000000,-0.113113,1.342368,0.871819,0,0,1160858440,0.213440,0,1.000000,1,0,-0.199449,1.044482,0.557246
1.966667,58,0,0,-1,other,1.300002,0.000000,0.000000,-0.124954,1.333899,0.871729,0,0,1160858440,0.215280,0,1.000000,1,0,-0.201136,1.041796,0.557365
1.983333,59,0,0,-1,other,1.311113,0.000000,0.000000,-0.136318,1.326499,0.871273,0,0,1160858440,0.217120,0,1.000000,1,0,-0.202959,1.039060,0.557397
2.000000,59,0,0,-1,other,1.322224,0.000000,0.000000,-0.146383,1.321020,0.869148,0,0,1160858440,0.218960,0,1.000000,1,0,-0.204280,1.037020,0.556090
2.016667,60,0,0,-1,other,1.333336,0.000000,0.000000,-0.154454,1.317118,0.866756,0,0,1160858440,0.220800,0,1.000000,1,0,-0.205493,1.034791,0.554630
2.033333,60,0,0,-1,other,1.344447,0.000000,0.000000,-0.158607,1.316391,0.863565,0,0,1160858440,0.222640,0,1.000000,1,0,-0.205979,1.033434,0.552239
2.050000,61,0,0,-1,other,1.355558,0.000000,0.000000,-0.160071,1.318094,0.860288,0,0,1160858440,0.224480,0,1.000000,1,0,-0.206242,1.031833,0.549728
2.066667,61,0,0,-1,other,1.366669,0.000000,0.000000,-0.159189,1.324651,0.856157,0,0,-918597808,0.166667,0,1.000000,1,0,-0.206690,1.031667,0.546191
2.083333,62,0,0,-1,other,1.377780,0.000000,0.000000,-0.156401,1.333132,0.851966,0,0,-918597808,0.222222,0,1.000000,1,0,-0.206905,1.031232,0.542614
2.100000,62,0,0,-1,other,1.388891,0.000000,0.000000,-0.152735,1.344455,0.847194,0,0,-918597808,0.277778,0,1.000000,1,0,-0.207301,1.032261,0.538487
2.116667,63,0,0,-1,other,1.400002,0.000000,0.000000,-0.148210,1.355844,0.842502,0,0,-918597808,0.333333,0,1.000000,1,0,-0.207499,1.033059,0.534380
2.133333,63,0,0,-1,other,1.411114,0.000000,0.000000,-0.143102,1.367295,0.837556,0,0,-918597808,0.388889,0,1.000000,1,0,-0.207500,1.034853,0.529751
2.150000,64,0,0,-1,other,1.422225,0.000000,0.000000,-0.138424,1.377323,0.832785,0,0,-918597808,0.444444,0,1.000000,1,0,-0.207378,1.036509,0.525167
2.166667,64,0,0,-1,other,1.433336,0.000000,0.000000,-0.135096,1.385776,0.827602,0,0,-918597808,0.500000,0,1.000000,1,0,-0.206742,1.038718,0.520091
2.183333,65,0,0,-1,other,1.444447,0.000000,0.000000,-0.132762,1.392336,0.822588,0,0,-918597808,0.555556,0,1.000000,1,0,-0.206074,1.040894,0.515075
2.200000,65,0,0,-1,other,1.455558,0.000000,0.000000,-0.131724,1.396916,0.817397,0,0,-918597808,0.611111,0,1.000000,1,0,-0.205714,1.043159,0.509799
2.216667,66,0,0,-1,other,1.466669,0.000000,0.000000,-0.130663,1.400102,0.812384,0,0,-918597808,0.666667,0,1.000000,1,0,-0.205411,1.045495,0.504600
2.233333,66,0,0,-1,other,1.477780,0.000000,0.000000,-0.128555,1.402094,0.807469,0,0,-918597808,0.722222,0,1.000000,1,0,-0.205409,1.047548,0.499395
2.250000,67,0,0,-1,other,1.488891,0.000000,0.000000,-0.124883,1.404853,0.801948,0,0,576708132,0.014720,0,1.000000,1,0,-0.204197,1.050603,0.494237
2.266667,67,0,0,-1,other,1.500003,0.000000,0.000000,-0.120557,1.406199,0.796647,0,0,576708132,0.016560,0,1.000000,1,0,-0.202979,1.053111,0.489251
2.283333,68,0,0,-1,other,1.511114,0.000000,0.000000,-0.115535,1.406771,0.791515,0,0,576708132,0.018400,0,1.000000,1,0,-0.201662,1.055690,0.484277
2.300000,68,0,0,-1,other,1.522225,0.000000,0.000000,-0.110165,1.405236,0.786757,0,0,576708132,0.020240,0,1.000000,1,0,-0.200484,1.056974,0.479434
2.316667,69,0,0,-1,other,1.533336,0.000000,0.000000,-0.104065,1.402834,0.782201,0,0,576708132,0.022080,0,1.000000,1,0,-0.199102,1.058164,0.474546
2.333333,69,0,0,-1,other,1.544447,0.000000,0.000000,-0.097169,1.398572,0.778141,0,0,576708132,0.023920,0,1.000000,1,0,-0.197647,1.058012,0.469878
2.350000,70,0,0,-1,other,1.555558,0.000000,0.000000,-0.089943,1.393035,0.774280,0,0,576708132,0.025760,0,1.000000,1,0,-0.195980,1.057754,0.465133
2.366667,70,0,0,-1,other,1.566669,0.000000,0.000000,-0.083224,1.384247,0.771220,0,0,576708132,0.027600,0,1.000000,1,0,-0.194450,1.055908,0.460911
2.383333,71,0,0,-1,other,1.577781,0.000000,0.000000,-0.076853,1.373610,0.768334,0,0,576708132,0.029440,0,1.000000,1,0,-0.192708,1.054054,0.456577
2.400000,71,0,0,-1,other,1.588892,0.000000,0.000000,-0.071311,1.359352,0.765940,0,0,576708132,0.031280,0,1.000000,1,0,-0.190760,1.050965,0.452428
2.416667,72,0,0,-1,other,1.600003,0.000000,0.000000,-0.066262,1.343450,0.763616,0,0,576708132,0.033120,0,1.000000,1,0,-0.188634,1.047978,0.448140
2.433333,72,0,0,-1,other,1.611114,0.000000,0.000000,-0.062203,1.324540,0.762576,0,0,576708132,0.034960,0,1.000000,1,0,-0.187108,1.044018,0.444541
2.450000,73,0,0,-1,other,1.622225,0.000000,0.000000,-0.058555,1.305098,0.761353,0,0,576708132,0.036800,0,1.000000,1,0,-0.185530,1.040258,0.440786
2.466667,73,0,0,-1,other,1.633336,0.000000,0.000000,-0.055613,1.285964,0.761090,0,0,576708132,0.038640,0,1.000000,1,0,-0.184217,1.036841,0.438171
2.483333,74,0,0,-1,other,1.644447,0.000000,0.000000,-0.052706,1.267575,0.760578,0,0,576708132,0.040480,0,1.000000,1,0,-0.182882,1.033564,0.435451
2.500000,74,0,0,-1,other,1.655559,0.000000,0.000000,-0.049535,1.251093,0.760817,0,0,576708132,0.042320,0,1.000000,1,0,-0.181558,1.030649,0.433624
2.516667,75,0,0,-1,other,1.666670,0.000000,0.000000,-0.045750,1.235881,0.761024,0,0,576708132,0.044160,0,1.000000,1,0,-0.180076,1.027643,0.431817
2.533333,75,0,0,-1,other,1.677781,0.000000,0.000000,-0.041019,1.222327,0.761971,0,0,576708132,0.046000,0,1.000000,1,0,-0.178529,1.024916,0.430687
2.550000,76,0,0,-1,other,1.688892,0.000000,0.000000,-0.035681,1.210263,0.762907,0,0,576708132,0.047840,0,1.000000,1,0,-0.176851,1.021967,0.429644
2.566667,76,0,0,-1,other,1.700003,0.000000,0.000000,-0.030309,1.200858,0.764375,0,0,576708132,0.049680,0,1.000000,1,0,-0.175439,1.019698,0.429319
2.583333,77,0,0,-1,other,1.711114,0.000000,0.000000,-0.024893,1.193468,0.765662,0,0,576708132,0.051520,0,1.000000,1,0,-0.174073,1.017213,0.429064
2.600000,77,0,0,-1,other,1.722225,0.000000,0.000000,-0.020073,1.189980,0.767393,0,0,576708132,0.053360,0,1.000000,1,0,-0.173045,1.015904,0.429651
2.616667,78,0,0,-1,other,1.733337,0.000000,0.000000,-0.025699,1.175771,0.773140,1,0,576708132,0.055200,0,1.000000,1,0,-0.180362,1.008020,0.430313
2.633333,78,0,0,-1,other,1.744448,0.208333,0.104167,0.355240,0.664985,1.019038,0,0,576708132,0.057040,0,1.000000,1,0,-0.323445,0.886062,0.048165
2.650000,79,0,0,-1,other,1.755559,0.416667,0.208333,-0.029609,1.044421,1.154557,0,0,576708132,0.058880,0,1.000000,1,0,-0.261955,0.903090,0.146575
2.666667,79,0,0,-1,other,0.037037,0.625000,0.312500,-0.192152,1.291746,1.145445,0,0,576708132,0.003680,0,1.000000,1,0,-0.209761,0.927062,0.214548
2.683333,80,0,0,-1,other,0.055556,0.833333,0.416667,-0.224620,1.441190,1.134763,0,0,576708132,0.005520,0,1.000000,1,0,-0.155247,0.956326,0.265064
2.700000,80,0,0,-1,other,0.074074,1.000000,0.520833,0.064859,1.510546,1.142804,0,0,576708132,0.007360,0,1.000000,1,0,-0.060052,0.993963,0.317845
2.716667,81,0,0,-1,other,0.092593,1.000000,0.625000,0.414290,1.471877,1.089540,0,0,576708132,0.009200,0,1.000000,1,0,-0.003337,1.019148,0.334021
2.733333,81,0,0,-1,other,0.111111,1.000000,0.729167,0.892781,1.471976,0.769800,0,0,576708132,0.011040,0,1.000000,1,0,0.115340,1.075466,0.359495
2.750000,82,0,0,-1,other,0.129630,1.000000,0.833333,1.159248,1.425673,0.286411,0,0,576708132,0.012880,0,1.000000,1,0,0.233067,1.144657,0.331929
2.766667,82,0,0,-1,other,0.148148,1.000000,0.937500,1.126725,1.468394,-0.220083,0,0,576708132,0.014720,0,1.000000,1,0,0.328020,1.225048,0.288868
2.783333,83,0,0,-1,other,0.166667,1.000000,1.000000,0.911164,1.436410,-0.631438,0,0,576708132,0.016560,0,1.000000,1,0,0.391163,1.315856,0.207038
2.800000,83,0,0,-1,other,0.185185,1.000000,1.000000,0.614932,1.464434,-0.805351,0,0,576708132,0.018400,0,1.000000,1,0,0.419503,1.393271,0.167721
2.816667,84,0,0,-1,other,0.203704,1.000000,1.000000,0.283470,1.411435,-0.891248,0,0,576708132,0.020240,0,1.000000,1,0,0.423027,1.481626,0.112034
2.833333,84,0,0,-1,other,0.222222,1.000000,1.000000,0.119517,1.464924,-0.855466,0,0,576708132,0.022080,0,1.000000,1,0,0.390141,1.566223,0.115448
2.850000,85,0,0,-1,other,0.240741,1.000000,1.000000,-0.059652,1.442209,-0.813231,0,0,576708132,0.023920,0,1.000000,1,0,0.337373,1.642780,0.110515
2.866667,85,0,0,-1,other,0.259259,1.000000,1.000000,-0.097558,1.597972,-0.732270,0,0,576708132,0.025760,0,1.000000,1,0,0.311898,1.685082,0.202569
2.883333,86,0,0,-1,other,0.277778,1.000000,1.000000,-0.191622,1.661578,-0.650193,0,0,576708132,0.027600,0,1.000000,1,0,0.252845,1.728044,0.279760
2.900000,86,0,0,-1,other,0.296296,1.000000,1.000000,-0.073929,1.877666,-0.539176,0,0,576708132,0.029440,0,1.000000,1,0,0.190916,1.710419,0.434395
2.916667,87,0,0,-1,other,0.314815,1.000000,1.000000,-0.042399,2.045072,-0.400632,0,0,576708132,0.031280,0,1.000000,1,0,0.058248,1.675907,0.557190
2.933333,87,0,0,-1,other,0.333333,1.000000,1.000000,0.145727,2.182834,-0.191186,0,0,576708132,0.033120,0,1.000000,1,0,-0.014153,1.594115,0.631057
2.950000,88,0,0,-1,other,0.351852,1.000000,1.000000,0.295011,2.245960,0.093835,0,0,576708132,0.034960,0,1.000000,1,0,-0.096054,1.494980,0.671517
2.966667,88,0,0,-1,other,0.370370,1.000000,1.000000,0.322621,2.266610,0.455713,0,0,576708132,0.036800,0,1.000000,1,0,-0.112257,1.369962,0.635964
2.983333,89,0,0,-1,other,0.388889,1.000000,1.000000,0.304894,2.139330,0.834116,0,0,576708132,0.038640,0,1.000000,1,0,-0.130589,1.282690,0.568455
3.000000,89,0,0,-1,other,0.407407,1.000000,1.000000,0.204607,1.867769,1.168098,0,0,576708132,0.040480,0,1.000000,1,0,-0.168651,1.205741,0.520598
3.016667,90,0,0,-1,other,0.425926,1.000000,1.000000,0.068327,1.477672,1.371064,0,1,576708132,0.042320,0,1.000000,1,0,-0.198050,1.146156,0.460535
3.033333,90,0,0,-1,other,0.444444,1.000000,1.000000,0.068327,1.477672,1.371064,0,0,576708132,0.044160,0,1.000000,1,0,-0.198050,1.146156,0.460535
3.050000,91,0,0,-1,other,0.462963,1.000000,1.000000,0.068327,1.477672,1.371064,0,0,576708132,0.046000,0,1.000000,1,0,-0.198050,1.146156,0.460535
3.066667,91,0,0,-1,other,0.481481,1.000000,1.000000,0.030901,1.418886,1.379788,0,0,576708132,0.047840,0,1.000000,1,0,-0.217034,1.137203,0.450016
3.083333,92,0,0,-1,other,0.500000,1.000000,1.000000,-0.097100,1.223359,1.380945,0,0,576708132,0.049680,0,1.000000,1,0,-0.276711,1.113018,0.408332
3.100000,92,0,0,-1,other,0.518518,1.000000,1.000000,-0.231967,1.104385,1.341504,0,0,576708132,0.051520,0,1.000000,1,0,-0.327611,1.098440,0.356588
3.116667,93,0,0,-1,other,0.537037,1.000000,1.000000,-0.364725,1.072909,1.281754,0,0,576708132,0.053360,0,1.000000,1,0,-0.368297,1.096435,0.298125
3.133333,93,0,0,-1,other,0.555555,1.000000,1.000000,-0.456546,1.097724,1.222251,0,0,576708132,0.055200,0,1.000000,1,0,-0.395883,1.103979,0.246980
3.150000,94,0,0,-1,other,0.574074,1.000000,1.000000,-0.522193,1.155302,1.162442,0,0,576708132,0.057040,0,1.000000,1,0,-0.415073,1.119165,0.200239
3.166667,94,0,0,-1,other,0.592592,1.000000,1.000000,-0.515922,1.214629,1.132915,0,0,576708132,0.058880,0,1.000000,1,0,-0.427981,1.127685,0.175571
3.183333,95,0,0,-1,other,0.611111,1.000000,1.000000,-0.492966,1.280071,1.106851,0,0,576708132,0.060720,0,1.000000,1,0,-0.440352,1.137705,0.153169
3.200000,95,0,0,-1,other,0.629629,1.000000,1.000000,-0.401815,1.359033,1.093490,0,0,576708132,0.062560,0,1.000000,1,0,-0.429012,1.128589,0.159055
3.216667,96,0,0,-1,other,0.648148,1.000000,1.000000,-0.313240,1.443512,1.067571,0,0,576708132,0.064400,0,1.000000,1,0,-0.415588,1.118896,0.167905
3.233333,96,0,0,-1,other,0.666666,1.000000,1.000000,-0.236555,1.566496,1.024953,0,0,576708132,0.066240,0,1.000000,1,0,-0.390606,1.105404,0.194935
3.250000,97,0,0,-1,other,0.685185,1.000000,1.000000,-0.177345,1.688638,0.961860,0,0,576708132,0.068080,0,1.000000,1,0,-0.361756,1.093284,0.226950
3.266667,97,0,0,-1,other,0.703704,1.000000,1.000000,-0.151794,1.816299,0.875271,0,0,576708132,0.069920,0,1.000000,1,0,-0.326028,1.084076,0.267635
3.283333,98,0,0,-1,other,0.722222,1.000000,1.000000,-0.156164,1.920962,0.784180,0,0,576708132,0.071760,0,1.000000,1,0,-0.287377,1.081904,0.310879
3.300000,98,0,0,-1,other,0.740741,1.000000,1.000000,-0.188920,2.002874,0.692757,0,0,576708132,0.073600,0,1.000000,1,0,-0.244752,1.087522,0.354138
3.316667,99,0,0,-1,other,0.759259,1.000000,1.000000,-0.224910,2.052274,0.643467,0,0,576708132,0.075440,0,1.000000,1,0,-0.204121,1.100678,0.389567
3.333333,99,0,0,-1,other,0.777778,1.000000,1.000000,-0.261926,2.086017,0.614668,0,0,576708132,0.077280,0,1.000000,1,0,-0.163015,1.119173,0.418910
3.350000,100,0,0,-1,other,0.796296,1.000000,1.000000,-0.291792,2.100769,0.625241,0,0,576708132,0.079120,0,1.000000,1,0,-0.135198,1.134845,0.433829
3.366667,100,0,0,-1,other,0.814815,1.000000,1.000000,-0.317053,2.107080,0.647821,0,0,576708132,0.080960,0,1.000000,1,0,-0.109994,1.149482,0.444680
3.383333,101,0,0,-1,other,0.833333,1.000000,1.000000,-0.341785,2.087978,0.691277,0,0,576708132,0.082800,0,1.000000,1,0,-0.102094,1.147106,0.443192
3.400000,101,0,0,-1,other,0.851852,1.000000,1.000000,-0.364091,2.063016,0.730940,0,0,576708132,0.084640,0,1.000000,1,0,-0.097442,1.141171,0.439005
3.416667,102,0,0,-1,other,0.870370,1.000000,1.000000,-0.380091,2.032254,0.758559,0,0,576708132,0.086480,0,1.000000,1,0,-0.101347,1.126223,0.427344
3.433333,102,0,0,-1,other,0.888889,1.000000,1.000000,-0.396987,1.998388,0.777443,0,0,576708132,0.088320,0,1.000000,1,0,-0.106438,1.109142,0.412061
3.450000,103,0,0,-1,other,0.907407,1.000000,1.000000,-0.413712,1.962260,0.786471,0,0,576708132,0.090160,0,1.000000,1,0,-0.112310,1.089775,0.391907
3.466667,103,0,0,-1,other,0.925926,1.000000,1.000000,-0.427272,1.926022,0.788957,0,0,576708132,0.092000,0,1.000000,1,0,-0.114647,1.069958,0.371074
3.483333,104,0,0,-1,other,0.944444,1.000000,1.000000,-0.437353,1.891313,0.786832,0,0,576708132,0.093840,0,1.000000,1,0,-0.113968,1.050602,0.347812
3.500000,104,0,0,-1,other,0.962963,1.000000,1.000000,-0.439756,1.862330,0.785379,0,0,576708132,0.095680,0,1.000000,1,0,-0.108217,1.033797,0.331437
3.516667,105,0,0,-1,other,0.981481,0.907407,0.895833,-0.441291,1.770278,0.848730,0,0,576708132,0.097520,0,1.000000,1,0,-0.131162,1.012155,0.311097
3.533333,105,0,0,-1,other,1.000000,0.814815,0.791667,-0.417489,1.687662,0.899648,0,0,576708132,0.099360,0,1.000000,1,0,-0.154956,0.993528,0.295364
3.550000,106,0,0,-1,other,1.018518,0.722222,0.687500,-0.373709,1.618023,0.935019,0,0,576708132,0.101200,0,1.000000,1,0,-0.179497,0.978097,0.286322
3.566667,106,0,0,-1,other,1.037037,0.629630,0.583333,-0.316428,1.561783,0.952637,0,0,576708132,0.103040,0,1.000000,1,0,-0.203489,0.966063,0.285928
3.583333,107,0,0,-1,other,1.055555,0.537037,0.479167,-0.252493,1.516900,0.951045,0,0,576708132,0.104880,0,1.000000,1,0,-0.223991,0.958065,0.295247
3.600000,107,0,0,-1,other,1.074074,0.444444,0.375000,-0.188694,1.478786,0.930310,0,0,576708132,0.106720,0,1.000000,1,0,-0.236330,0.954605,0.313952
3.616667,108,0,0,-1,other,0.100000,0.351852,0.270833,-0.131089,1.441733,0.892075,0,0,576708132,0.108560,0,1.000000,1,0,-0.234689,0.956559,0.338972
3.633333,108,0,0,-1,other,0.116667,0.259259,0.166667,-0.084299,1.399374,0.840380,0,0,576708132,0.110400,0,1.000000,1,0,-0.213398,0.964254,0.364059
3.650000,109,0,0,-1,other,0.133333,0.166667,0.062500,-0.049935,1.345828,0.780091,0,0,576708132,0.112240,0,1.000000,1,0,-0.169203,0.977390,0.378398
3.666667,109,0,0,-1,other,0.150000,0.074074,0.000000,0.008588,1.269156,0.765265,0,0,576708132,0.114080,0,1.000000,1,0,-0.172702,0.987230,0.386000
3.683333,110,0,0,-1,other,0.166667,0.000000,0.000000,0.027000,1.212489,0.764499,0,0,576708132,0.115920,0,1.000000,1,0,-0.190213,1.003376,0.396599
3.700000,110,0,0,-1,other,0.183333,0.000000,0.000000,0.027254,1.206711,0.764328,0,0,576708132,0.117760,0,1.000000,1,0,-0.188506,1.000419,0.395342
3.716667,111,0,0,-1,other,0.200000,0.000000,0.000000,0.027813,1.201440,0.764012,0,0,576708132,0.119600,0,1.000000,1,0,-0.186823,0.997586,0.394144
3.733333,111,0,0,-1,other,0.216667,0.000000,0.000000,0.028690,1.198713,0.764601,0,0,576708132,0.121440,0,1.000000,1,0,-0.185340,0.996254,0.394069
3.750000,112,0,0,-1,other,0.233333,0.000000,0.000000,0.029527,1.197388,0.765007,0,0,576708132,0.123280,0,1.000000,1,0,-0.183998,0.995183,0.394055
3.766667,112,0,0,-1,other,0.250000,0.000000,0.000000,0.030128,1.199006,0.766384,0,0,576708132,0.125120,0,1.000000,1,0,-0.183015,0.995946,0.395273
3.783333,113,0,0,-1,other,0.266667,0.000000,0.000000,0.030896,1.201400,0.767630,0,0,576708132,0.126960,0,1.000000,1,0,-0.182159,0.996863,0.396602
3.800000,113,0,0,-1,other,0.283333,0.000000,0.000000,0.031551,1.205675,0.769732,0,0,576708132,0.128800,0,1.000000,1,0,-0.181700,0.999229,0.399043
