time,tick,state,phase,transition,playback,moveX,moveY,rootX,rootY,rootZ,yaw,leftX,leftY,leftZ,rightX,rightY,rightZ,hipsYaw,turnPhase,leftKneeX,leftKneeY,leftKneeZ,rightKneeX,rightKneeY,rightKneeZ
0.016667,0,RelaxedIdle_v5,0.000000,0,0.000000,0.000000,1.000000,5.000000,0.000000,5.000000,90.000000,5.148540,0.009978,5.280059,5.092548,0.006439,4.952383,88.455290,0.000000,5.092176,0.420601,5.183753,5.015428,0.401490,4.921414
0.033333,0,RelaxedIdle_v5,0.001840,0,0.000000,0.000000,1.000000,5.000000,0.000000,5.000000,90.000000,5.148643,0.009952,5.280063,5.092606,0.006441,4.952425,88.455290,0.000000,5.092280,0.420608,5.183796,5.015456,0.401498,4.921448
0.050000,1,RelaxedIdle_v5,0.003680,0,0.000000,0.000000,1.000000,5.000000,0.000000,5.000000,90.000000,5.148742,0.009932,5.280069,5.092668,0.006447,4.952467,88.455290,0.000000,5.092385,0.420618,5.183839,5.015487,0.401509,4.921483
0.066667,1,RelaxedIdle_v5,0.005520,0,0.000000,0.000000,1.000000,5.000000,0.000000,5.000000,90.000000,5.148837,0.009917,5.280077,5.092734,0.006454,4.952509,88.455290,0.000000,5.092490,0.420629,5.183881,5.015521,0.401521,4.921518
0.083333,2,RelaxedIdle_v5,0.007360,0,0.000000,0.000000,1.000000,5.000000,0.000000,5.000000,90.000000,5.148927,0.009905,5.280087,5.092803,0.006464,4.952550,88.455290,0.000000,5.092595,0.420641,5.183923,5.015557,0.401534,4.921555
0.100000,2,RelaxedIdle_v5,0.009200,0,0.000000,0.000000,1.000000,5.000000,0.000000,5.000000,90.000000,5.149014,0.009897,5.280101,5.092875,0.006474,4.952592,88.455290,0.000000,5.092699,0.420654,5.183964,5.015595,0.401548,4.921592
0.116667,3,RelaxedIdle_v5,0.011040,0,0.000000,0.000000,1.000000,5.000000,0.000000,5.000000,90.000000,5.149096,0.009892,5.280117,5.092951,0.006485,4.952634,88.455290,0.000000,5.092803,0.420667,5.184005,5.015635,0.401563,4.921630
0.133333,3,RelaxedIdle_v5,0.012880,0,0.000000,0.000000,1.000000,5.000000,0.000000,5.000000,90.000000,5.149174,0.009888,5.280136,5.093029,0.006496,4.952676,88.455290,0.000000,5.092905,0.420680,5.184047,5.015675,0.401577,4.921670
0.150000,4,RelaxedIdle_v5,0.014720,0,0.000000,0.000000,1.000000,5.000000,0.000000,5.000000,90.000000,5.149248,0.009887,5.280158,5.093108,0.006506,4.952719,88.455290,0.000000,5.093006,0.420693,5.184089,5.015717,0.401590,4.921712
0.166667,4,RelaxedIdle_v5,0.016560,0,0.000000,0.000000,1.000000,5.000000,0.000000,5.000000,90.000000,5.149317,0.009886,5.280182,5.093189,0.006516,4.952764,88.455290,0.000000,5.093105,0.420704,5.184131,5.015759,0.401603,4.921756
0.183333,5,RelaxedIdle_v5,0.018400,0,0.000000,0.000000,1.000000,5.000000,0.000000,5.000000,90.000000,5.149381,0.009887,5.280211,5.093271,0.006525,4.952809,88.455290,0.000000,5.093203,0.420714,5.184175,5.015801,0.401614,4.921802
0.200000,5,RelaxedIdle_v5,0.020240,0,0.000000,0.000000,1.000000,5.000000,0.000000,5.000000,90.000000,5.149441,0.009887,5.280243,5.093355,0.006531,4.952856,88.455290,0.000000,5.093298,0.420721,5.184220,5.015843,0.401622,4.921850
0.216667,6,RelaxedIdle_v5,0.022080,0,0.000000,0.000000,1.000000,5.000000,0.000000,5.000000,90.000000,5.149496,0.009886,5.280279,5.093438,0.006535,4.952904,88.455290,0.000000,5.093390,0.420726,5.184267,5.015884,0.401628,4.921900
0.233333,6,RelaxedIdle_v5,0.023920,0,0.000000,0.000000,1.000000,5.000000,0.000000,5.000000,90.000000,5.149543,0.009884,5.280320,5.093519,0.006536,4.952956,88.455290,0.000000,5.093477,0.420728,5.184316,5.015922,0.401630,4.921955
0.250000,7,RelaxedIdle_v5,0.025760,0,0.000000,0.000000,1.000000,5.000000,0.000000,5.000000,90.000000,5.149586,0.009883,5.280364,5.093602,0.006537,4.953009,88.455290,0.000000,5.093563,0.420729,5.184367,5.015960,0.401632,4.922010
0.266667,7,RelaxedIdle_v5,0.027600,0,0.000000,0.000000,1.000000,5.000000,0.000000,5.000000,90.000000,5.149627,0.009884,5.280411,5.093685,0.006537,4.953063,88.455290,0.000000,5.093646,0.420729,5.184418,5.015997,0.401634,4.922068
0.283333,8,RelaxedIdle_v5,0.029440,0,0.000000,0.000000,1.000000,5.000000,0.000000,5.000000,90.000000,5.149663,0.009885,5.280461,5.093770,0.006536,4.953117,88.455290,0.000000,5.093728,0.420728,5.184471,5.016035,0.401634,4.922128
0.300000,8,RelaxedIdle_v5,0.031280,0,0.000000,0.000000,1.000000,5.000000,0.000000,5.000000,90.000000,5.149696,0.009887,5.280513,5.093854,0.006534,4.953173,88.455290,0.000000,5.093807,0.420727,5.184525,5.016072,0.401634,4.922188
0.316667,9,RelaxedIdle_v5,0.033120,0,0.000000,0.000000,1.000000,5.000000,0.000000,5.000000,90.000000,5.149726,0.009890,5.280568,5.093940,0.006532,4.953230,88.455290,0.000000,5.093884,0.420726,5.184579,5.016109,0.401633,4.922251
0.333333,9,RelaxedIdle_v5,0.034960,0,0.000000,0.000000,1.000000,5.000000,0.000000,5.000000,90.000000,5.149753,0.009893,5.280625,5.094025,0.006530,4.953288,88.455290,0.000000,5.093959,0.420723,5.184634,5.016144,0.401631,4.922314
0.350000,10,RelaxedIdle_v5,0.036800,0,0.000000,0.000000,1.000000,5.000000,0.000000,5.000000,90.000000,5.149777,0.009898,5.280684,5.094110,0.006527,4.953346,88.455290,0.000000,5.094032,0.420721,5.184690,5.016179,0.401630,4.922379
0.366667,10,RelaxedIdle_v5,0.038640,0,0.000000,0.000000,1.000000,5.000000,0.000000,5.000000,90.000000,5.149797,0.009903,5.280746,5.094196,0.006524,4.953404,88.455290,0.000000,5.094102,0.420717,5.184746,5.016213,0.401627,4.922444
0.383333,11,RelaxedIdle_v5,0.040480,0,0.000000,0.000000,1.000000,5.000000,0.000000,5.000000,90.000000,5.149816,0.009909,5.280809,5.094281,0.006520,4.953464,88.455290,0.000000,5.094170,0.420714,5.184803,5.016245,0.401625,4.922510
0.400000,11,RelaxedIdle_v5,0.042320,0,0.000000,0.000000,1.000000,5.000000,0.000000,5.000000,90.000000,5.149830,0.009916,5.280874,5.094366,0.006515,4.953524,88.455290,0.000000,5.094235,0.420710,5.184861,5.016276,0.401621,4.922577
0.416667,12,RelaxedIdle_v5,0.044160,0,0.000000,0.000000,1.000000,5.000000,0.000000,5.000000,90.000000,5.149843,0.009923,5.280940,5.094450,0.006510,4.953583,88.455290,0.000000,5.094297,0.420706,5.184920,5.016306,0.401618,4.922645
0.433333,12,RelaxedIdle_v5,0.046000,0,0.000000,0.000000,1.000000,5.000000,0.000000,5.000000,90.000000,5.149853,0.009931,5.281008,5.094533,0.006506,4.953644,88.455290,0.000000,5.094357,0.420702,5.184978,5.016334,0.401615,4.922712
0.450000,13,RelaxedIdle_v5,0.047840,0,0.000000,0.000000,1.000000,5.000000,0.000000,5.000000,90.000000,5.149860,0.009940,5.281077,5.094615,0.006500,4.953704,88.455290,0.000000,5.094413,0.420697,5.185037,5.016360,0.401611,4.922781
0.466667,13,RelaxedIdle_v5,0.049680,0,0.000000,0.000000,1.000000,5.000000,0.000000,5.000000,90.000000,5.149862,0.009956,5.281144,5.094694,0.006502,4.953762,88.455290,0.000000,5.094464,0.420700,5.185094,5.016381,0.401614,4.922846
0.483333,14,RelaxedIdle_v5,0.051520,0,0.000000,0.000000,1.000000,5.000000,0.000000,5.000000,90.000000,5.149862,0.009980,5.281210,5.094770,0.006510,4.953817,88.455290,0.000000,5.094512,0.420709,5.185148,5.016400,0.401624,4.922909
0.500000,14,RelaxedIdle_v5,0.053360,0,0.000000,0.000000,1.000000,5.000000,0.000000,5.000000,90.000000,5.149860,0.010009,5.281274,5.094847,0.006523,4.953869,88.455290,0.000000,5.094557,0.420724,5.185201,5.016418,0.401639,4.922970
0.516667,15,RelaxedIdle_v5,0.055200,0,0.000000,0.000000,1.000000,5.000000,0.000000,5.000000,90.000000,5.149858,0.010043,5.281337,5.094923,0.006540,4.953920,88.455290,0.000000,5.094601,0.420743,5.185251,5.016434,0.401659,4.923028
0.533333,15,RelaxedIdle_v5,0.057040,0,0.000000,0.000000,1.000000,5.000000,0.000000,5.000000,90.000000,5.149855,0.010081,5.281399,5.094998,0.006561,4.953969,88.455290,0.000000,5.094642,0.420766,5.185300,5.016449,0.401683,4.923085
0.550000,16,RelaxedIdle_v5,0.058880,0,0.000000,0.000000,1.000000,5.000000,0.000000,5.000000,90.000000,5.149853,0.010123,5.281460,5.095074,0.006584,4.954016,88.455290,0.000000,5.094682,0.420792,5.185349,5.016463,0.401709,4.923141
0.566667,16,RelaxedIdle_v5,0.060720,0,0.000000,0.000000,1.000000,5.000000,0.000000,5.000000,90.000000,5.149850,0.010167,5.281520,5.095150,0.006610,4.954063,88.455290,0.000000,5.094721,0.420820,5.185396,5.016477,0.401738,4.923195
0.583333,17,RelaxedIdle_v5,0.062560,0,0.000000,0.000000,1.000000,5.000000,0.000000,5.000000,90.000000,5.149850,0.010213,5.281581,5.095227,0.006637,4.954109,88.455290,0.000000,5.094759,0.420850,5.185443,5.016491,0.401769,4.923248
0.600000,17,RelaxedIdle_v5,0.064400,0,0.000000,0.000000,1.000000,5.000000,0.000000,5.000000,90.000000,5.149851,0.010260,5.281642,5.095304,0.006664,4.954154,88.455290,0.000000,5.094797,0.420882,5.185491,5.016504,0.401801,4.923301
0.616667,18,RelaxedIdle_v5,0.066240,0,0.000000,0.000000,1.000000,5.000000,0.000000,5.000000,90.000000,5.149854,0.010307,5.281703,5.095382,0.006692,4.954200,88.455290,0.000000,5.094834,0.420913,5.185538,5.016518,0.401832,4.923353
0.633333,18,RelaxedIdle_v5,0.068080,0,0.000000,0.000000,1.000000,5.000000,0.000000,5.000000,90.000000,5.149859,0.010353,5.281765,5.095461,0.006718,4.954246,88.455290,0.000000,5.094872,0.420944,5.185587,5.016532,0.401864,4.923405
0.650000,19,RelaxedIdle_v5,0.069920,0,0.000000,0.000000,1.000000,5.000000,0.000000,5.000000,90.000000,5.149868,0.010397,5.281827,5.095542,0.006743,4.954292,88.455290,0.000000,5.094910,0.420974,5.185637,5.016547,0.401894,4.923458
0.666667,19,RelaxedIdle_v5,0.071760,0,0.000000,0.000000,1.000000,5.000000,0.000000,5.000000,90.000000,5.149881,0.010439,5.281890,5.095624,0.006765,4.954339,88.455290,0.000000,5.094949,0.421001,5.185688,5.016563,0.401922,4.923511
0.683333,20,RelaxedIdle_v5,0.073600,0,0.000000,0.000000,1.000000,5.000000,0.000000,5.000000,90.000000,5.149898,0.010479,5.281955,5.095709,0.006784,4.954388,88.455290,0.000000,5.094989,0.421027,5.185742,5.016581,0.401948,4.923565
0.700000,20,RelaxedIdle_v5,0.075440,0,0.000000,0.000000,1.000000,5.000000,0.000000,5.000000,90.000000,5.149920,0.010509,5.282021,5.095796,0.006795,4.954437,88.455290,0.000000,5.095030,0.421043,5.185796,5.016599,0.401966,4.923619
0.716667,21,RelaxedIdle_v5,0.077280,0,0.000000,0.000000,1.000000,5.000000,0.000000,5.000000,90.000000,5.149943,0.010537,5.282085,5.095881,0.006802,4.954484,88.455290,0.000000,5.095070,0.421059,5.185850,5.016616,0.401981,4.923671
0.733333,21,RelaxedIdle_v5,0.079120,0,0.000000,0.000000,1.000000,5.000000,0.000000,5.000000,90.000000,5.149969,0.010563,5.282147,5.095966,0.006810,4.954531,88.455290,0.000000,5.095108,0.421074,5.185903,5.016632,0.401997,4.923721
0.750000,22,RelaxedIdle_v5,0.080960,0,0.000000,0.000000,1.000000,5.000000,0.000000,5.000000,90.000000,5.149997,0.010589,5.282208,5.096050,0.006816,4.954576,88.455290,0.000000,5.095145,0.421089,5.185955,5.016646,0.402012,4.923769
0.766667,22,RelaxedIdle_v5,0.082800,0,0.000000,0.000000,1.000000,5.000000,0.000000,5.000000,90.000000,5.150027,0.010614,5.282267,5.096131,0.006822,4.954619,88.455290,0.000000,5.095179,0.421103,5.186006,5.016657,0.402027,4.923814
0.783333,23,RelaxedIdle_v5,0.084640,0,0.000000,0.000000,1.000000,5.000000,0.000000,5.000000,90.000000,5.150059,0.010637,5.282325,5.096211,0.006826,4.954661,88.455290,0.000000,5.095211,0.421118,5.186057,5.016666,0.402042,4.923858
0.800000,23,RelaxedIdle_v5,0.086480,0,0.000000,0.000000,1.000000,5.000000,0.000000,5.000000,90.000000,5.150093,0.010658,5.282381,5.096289,0.006830,4.954702,88.455290,0.000000,5.095241,0.421131,5.186108,5.016672,0.402056,4.923900
0.816667,24,RelaxedIdle_v5,0.088320,0,0.000000,0.000000,1.000000,5.000000,0.000000,5.000000,90.000000,5.150128,0.010678,5.282435,5.096364,0.006832,4.954742,88.455290,0.000000,5.095267,0.421144,5.186158,5.016675,0.402069,4.923940
0.833333,24,RelaxedIdle_v5,0.090160,0,0.000000,0.000000,1.000000,5.000000,0.000000,5.000000,90.000000,5.150166,0.010695,5.282489,5.096436,0.006832,4.954781,88.455290,0.000000,5.095291,0.421156,5.186208,5.016674,0.402082,4.923978
0.850000,25,RelaxedIdle_v5,0.092000,0,0.000000,0.000000,1.000000,5.000000,0.000000,5.000000,90.000000,5.148532,0.009968,5.280076,5.092540,0.006430,4.952399,88.484320,0.000000,5.092264,0.420570,5.183798,5.015504,0.401437,4.921361
0.866667,25,RelaxedIdle_v5,0.093840,0,0.000000,0.000000,1.000000,5.000000,0.000000,5.000000,90.000000,5.148560,0.010551,5.280072,5.092539,0.006428,4.952402,88.690200,0.000000,5.093688,0.420829,5.184458,5.016093,0.401128,4.920889
0.883333,26,RelaxedIdle_v5,0.095680,0,0.000000,0.000000,1.000000,5.000000,0.000000,5.000000,90.000000,5.150699,0.018873,5.279639,5.092537,0.006426,4.952404,89.097000,0.000000,5.105340,0.426547,5.190965,5.017224,0.400535,4.919993
0.900000,26,RelaxedIdle_v5,0.097520,0,0.000000,0.000000,1.000000,5.000000,0.000000,5.000000,90.000000,5.157922,0.028930,5.278119,5.092541,0.006430,4.952398,89.691330,0.000000,5.119495,0.434005,5.198489,5.018796,0.399711,4.918759
0.916667,27,RelaxedIdle_v5,0.099360,0,0.000000,0.000000,1.000000,5.000000,0.000000,5.000000,90.000000,5.169429,0.038197,5.275575,5.092538,0.006427,4.952403,90.463080,0.000000,5.133306,0.441662,5.205543,5.020684,0.398689,4.917292
0.933333,27,RelaxedIdle_v5,0.101200,0,0.000000,0.000000,1.000000,5.000000,0.000000,5.000000,90.000000,5.184309,0.046401,5.272027,5.092543,0.006432,4.952394,91.401350,0.000000,5.146576,0.449420,5.212162,5.022774,0.397532,4.915632
0.950000,28,RelaxedIdle_v5,0.103040,0,0.000000,0.000000,1.000000,5.000000,0.000000,5.000000,90.000000,5.201659,0.053181,5.267551,5.092538,0.006428,4.952402,92.495990,0.000000,5.158994,0.456987,5.218317,5.024920,0.396264,4.913850
0.966667,28,RelaxedIdle_v5,0.104880,0,0.000000,0.000000,1.000000,5.000000,0.000000,5.000000,90.000000,5.220582,0.058269,5.262210,5.092545,0.006435,4.952390,93.736180,0.000000,5.170313,0.464024,5.223835,5.027014,0.394946,4.911925
0.983333,29,RelaxedIdle_v5,0.106720,0,0.000000,0.000000,1.000000,5.000000,0.000000,5.000000,90.000000,5.240231,0.061432,5.256187,5.092540,0.006429,4.952399,95.111750,0.000000,5.180357,0.470112,5.228547,5.028915,0.393586,4.909888
1.000000,29,RelaxedIdle_v5,0.108560,0,0.000000,0.000000,1.000000,5.000000,0.000000,5.000000,90.000000,5.259837,0.062565,5.249649,5.092546,0.006436,4.952387,96.611960,0.000000,5.189116,0.474865,5.232071,5.030537,0.392238,4.907679
1.016667,30,RelaxedIdle_v5,0.110400,0,0.000000,0.000000,1.000000,5.000000,0.000000,5.000000,90.000000,5.278714,0.061598,5.242886,5.092541,0.006431,4.952397,98.226600,0.000000,5.196659,0.477905,5.234021,5.031760,0.390900,4.905315
1.033333,30,RelaxedIdle_v5,0.112240,0,0.000000,0.000000,1.000000,5.000000,0.000000,5.000000,90.000000,5.296305,0.058607,5.236136,5.092548,0.006438,4.952385,99.945010,0.000000,5.203185,0.478998,5.233830,5.032523,0.389620,4.902734
1.050000,31,RelaxedIdle_v5,0.114080,0,0.000000,0.000000,1.000000,5.000000,0.000000,5.000000,90.000000,5.312135,0.053692,5.229725,5.092543,0.006432,4.952394,101.756900,0.000000,5.208774,0.477967,5.231093,5.032729,0.388388,4.899964
1.066667,31,RelaxedIdle_v5,0.115920,0,0.000000,0.000000,1.000000,5.000000,0.000000,5.000000,90.000000,5.325863,0.047084,5.223887,5.092548,0.006439,4.952383,103.651700,0.000000,5.213304,0.474776,5.225592,5.032337,0.387246,4.896960
1.083333,32,RelaxedIdle_v5,0.117760,0,0.000000,0.000000,1.000000,5.000000,0.000000,5.000000,90.000000,5.337189,0.039031,5.218905,5.092545,0.006434,4.952392,105.619100,0.000000,5.216263,0.469405,5.217707,5.031274,0.386182,4.893772
1.100000,32,RelaxedIdle_v5,0.119600,0,0.000000,0.000000,1.000000,5.000000,0.000000,5.000000,90.000000,5.345902,0.029878,5.214959,5.092548,0.006438,4.952384,107.648500,0.000000,5.216965,0.461985,5.208395,5.029514,0.385227,4.890385
1.116667,33,RelaxedIdle_v5,0.121440,0,0.000000,0.000000,1.000000,5.000000,0.000000,5.000000,90.000000,5.351763,0.019974,5.212264,5.092546,0.006436,4.952389,109.729500,0.000000,5.214854,0.452797,5.199083,5.027013,0.384371,4.886864
1.133333,33,RelaxedIdle_v5,0.123280,0,0.000000,0.000000,1.000000,5.000000,0.000000,5.000000,90.000000,5.354526,0.009589,5.210979,5.092548,0.006438,4.952384,111.851600,0.000000,5.209781,0.442244,5.190966,5.023759,0.383629,4.883234
1.150000,34,RelaxedIdle_v5,0.125120,0,0.000000,0.000000,1.000000,5.000000,0.000000,5.000000,90.000000,5.354722,0.006235,5.210882,5.092547,0.006438,4.952386,114.004100,0.000000,5.211257,0.438332,5.184916,5.019737,0.382990,4.879565
1.166667,34,RelaxedIdle_v5,0.126960,0,0.000000,0.000000,1.000000,5.000000,0.000000,5.000000,90.000000,5.354713,0.006438,5.210887,5.092548,0.006439,4.952384,116.176700,0.000000,5.216167,0.437831,5.179230,5.014957,0.382456,4.875915
1.183333,35,RelaxedIdle_v5,0.128800,0,0.000000,0.000000,1.000000,5.000000,0.000000,5.000000,90.000000,5.354713,0.006439,5.210886,5.092549,0.006439,4.952383,118.358500,0.000000,5.220090,0.436957,5.173503,5.009440,0.382013,4.872356
1.200000,35,RelaxedIdle_v5,0.130640,0,0.000000,0.000000,1.000000,5.000000,0.000000,5.000000,90.000000,5.354713,0.006439,5.210886,5.092579,0.006226,4.952405,120.539200,0.000000,5.223319,0.435945,5.167789,5.003133,0.381564,4.869156
1.216667,36,RelaxedIdle_v5,0.132480,0,0.000000,0.000000,1.000000,5.000000,0.000000,5.000000,90.000000,5.354714,0.006441,5.210884,5.091387,0.012634,4.951478,122.707800,0.000000,5.225906,0.434824,5.162120,4.998632,0.383929,4.860370
1.233333,36,RelaxedIdle_v5,0.134320,0,0.000000,0.000000,1.000000,5.000000,0.000000,5.000000,90.000000,5.354714,0.006441,5.210884,5.085156,0.022703,4.946711,124.853900,0.000000,5.227898,0.433614,5.156530,4.994269,0.388133,4.849279
1.250000,37,RelaxedIdle_v5,0.136160,0,0.000000,0.000000,1.000000,5.000000,0.000000,5.000000,90.000000,5.354716,0.006442,5.210882,5.073936,0.031873,4.938395,126.966500,0.000000,5.229344,0.432336,5.151048,4.988843,0.392329,4.839822
1.266667,37,RelaxedIdle_v5,0.138000,0,0.000000,0.000000,1.000000,5.000000,0.000000,5.000000,90.000000,5.354716,0.006442,5.210881,5.058145,0.040109,4.927271,129.035100,0.000000,5.230289,0.431007,5.145708,4.982791,0.396422,4.831902
1.283333,38,RelaxedIdle_v5,0.139840,0,0.000000,0.000000,1.000000,5.000000,0.000000,5.000000,90.000000,5.354717,0.006443,5.210880,5.038255,0.047188,4.914148,131.048600,0.000000,5.230786,0.429647,5.140538,4.976353,0.400187,4.825597
1.300000,38,RelaxedIdle_v5,0.141680,0,0.000000,0.000000,1.000000,5.000000,0.000000,5.000000,90.000000,5.354717,0.006444,5.210878,5.014729,0.052951,4.899806,132.996600,0.000000,5.230883,0.428269,5.135570,4.969651,0.403383,4.820954
1.316667,39,RelaxedIdle_v5,0.143520,0,0.000000,0.000000,1.000000,5.000000,0.000000,5.000000,90.000000,5.354717,0.006444,5.210878,4.988217,0.057252,4.885066,134.867700,0.000000,5.230634,0.426891,5.130836,4.962691,0.405773,4.817976
1.333333,39,RelaxedIdle_v5,0.145360,0,0.000000,0.000000,1.000000,5.000000,0.000000,5.000000,90.000000,5.354719,0.006445,5.210876,4.959448,0.060007,4.870630,136.651600,0.000000,5.230096,0.425531,5.126358,4.955420,0.407175,4.816600
1.350000,40,RelaxedIdle_v5,0.147200,0,0.000000,0.000000,1.000000,5.000000,0.000000,5.000000,90.000000,5.354718,0.006444,5.210878,4.929354,0.061143,4.857159,138.337100,0.000000,5.229322,0.424200,5.122172,4.947721,0.407481,4.816706
1.366667,40,RelaxedIdle_v5,0.149040,0,0.000000,0.000000,1.000000,5.000000,0.000000,5.000000,90.000000,5.354721,0.006448,5.210872,4.898945,0.060628,4.845110,139.913500,0.000000,5.228376,0.422922,5.118289,4.939519,0.406690,4.818114
1.383333,41,RelaxedIdle_v5,0.150880,0,0.000000,0.000000,1.000000,5.000000,0.000000,5.000000,90.000000,5.354718,0.006444,5.210878,4.869365,0.058456,4.834837,141.369800,0.000000,5.227308,0.421704,5.114750,4.930780,0.404890,4.820639
1.400000,41,RelaxedIdle_v5,0.152720,0,0.000000,0.000000,1.000000,5.000000,0.000000,5.000000,90.000000,5.354722,0.006449,5.210869,4.841771,0.054657,4.826456,142.695400,0.000000,5.226188,0.420577,5.111549,4.921599,0.402250,4.824066
1.416667,42,RelaxedIdle_v5,0.154560,0,0.000000,0.000000,1.000000,5.000000,0.000000,5.000000,90.000000,5.354717,0.006444,5.210878,4.817358,0.049285,4.820007,143.879200,0.000000,5.225057,0.419539,5.108739,4.912163,0.398954,4.828247
1.433333,42,RelaxedIdle_v5,0.156400,0,0.000000,0.000000,1.000000,5.000000,0.000000,5.000000,90.000000,5.354724,0.006451,5.210865,4.797281,0.042455,4.815327,144.910600,0.000000,5.223991,0.418631,5.106294,4.902789,0.395220,4.832993
1.450000,43,RelaxedIdle_v5,0.158240,0,0.000000,0.000000,1.000000,5.000000,0.000000,5.000000,90.000000,5.354716,0.006443,5.210880,4.782655,0.034288,4.812309,145.778500,0.000000,5.223015,0.417840,5.104281,4.893841,0.391197,4.838218
1.466667,43,RelaxedIdle_v5,0.160080,0,0.000000,0.000000,1.000000,5.000000,0.000000,5.000000,90.000000,5.354726,0.006453,5.210862,4.774613,0.024708,4.810750,146.472400,0.000000,5.222207,0.417217,5.102655,4.885657,0.386926,4.843916
1.483333,44,RelaxedIdle_v5,0.161920,0,0.000000,0.000000,1.000000,5.000000,0.000000,5.000000,90.000000,5.354715,0.006441,5.210883,4.773261,0.019233,4.810520,146.981300,0.000000,5.221573,0.416735,5.101504,4.880696,0.384987,4.846745
1.500000,44,RelaxedIdle_v5,0.163760,0,0.000000,0.000000,1.000000,5.000000,0.000000,5.000000,90.000000,5.354728,0.006455,5.210859,4.773278,0.019294,4.810497,147.294500,0.000000,5.221193,0.416459,5.100762,4.879115,0.385555,4.846220
1.516667,45,RelaxedIdle_v5,0.165600,0,0.000000,0.000000,1.000000,5.000000,0.000000,5.000000,90.000000,5.354728,0.006455,5.210859,4.773278,0.019294,4.810497,147.294500,0.000000,5.221193,0.416459,5.100762,4.879115,0.385555,4.846220
1.533333,45,RelaxedIdle_v5,0.167440,0,0.000000,0.000000,1.000000,5.000000,0.000000,5.000000,90.000000,5.354811,0.006574,5.210933,4.773362,0.019417,4.810570,147.573000,0.000000,5.222584,0.416443,5.100641,4.879257,0.386255,4.847510
1.550000,46,RelaxedIdle_v5,0.169280,0,0.000000,0.000000,1.000000,5.000000,0.000000,5.000000,90.000000,5.354713,0.006439,5.210886,4.773264,0.019278,4.810524,147.744100,0.000000,5.223945,0.416353,5.100853,4.879798,0.386638,4.849140
1.566667,46,RelaxedIdle_v5,0.171120,0,0.000000,0.000000,1.000000,5.000000,0.000000,5.000000,90.000000,5.355023,0.006877,5.211042,4.773584,0.019723,4.810678,147.913300,0.000000,5.225729,0.416991,5.101647,4.880794,0.387842,4.851536
1.583333,47,RelaxedIdle_v5,0.172960,0,0.000000,0.000000,1.000000,5.000000,0.000000,5.000000,90.000000,5.354713,0.006439,5.210886,4.773264,0.019277,4.810524,148.081600,0.000000,5.226976,0.417043,5.102864,4.881255,0.388549,4.854634
1.600000,47,RelaxedIdle_v5,0.174800,0,0.000000,0.000000,1.000000,5.000000,0.000000,5.000000,90.000000,5.354985,0.006743,5.211040,4.773524,0.019578,4.810679,148.249400,0.000000,5.229011,0.418385,5.105795,4.882508,0.390674,4.859913
1.616667,48,RelaxedIdle_v5,0.176640,0,0.000000,0.000000,1.000000,5.000000,0.000000,5.000000,90.000000,5.354713,0.006439,5.210886,4.773263,0.019278,4.810524,148.417000,0.000000,5.230566,0.419312,5.109034,4.883270,0.392453,4.865835
1.633333,48,RelaxedIdle_v5,0.178480,0,0.000000,0.000000,1.000000,5.000000,0.000000,5.000000,90.000000,5.354776,0.006368,5.211007,4.773321,0.019202,4.810645,148.585000,0.000000,5.232361,0.420438,5.112595,4.884233,0.394458,4.872333
1.650000,49,RelaxedIdle_v5,0.180320,0,0.000000,0.000000,1.000000,5.000000,0.000000,5.000000,90.000000,5.354713,0.006439,5.210886,4.773263,0.019278,4.810524,148.753600,0.000000,5.234097,0.421669,5.115991,4.885056,0.396552,4.878899
1.666667,49,RelaxedIdle_v5,0.182160,0,0.000000,0.000000,1.000000,5.000000,0.000000,5.000000,90.000000,5.354761,0.006233,5.210965,4.773310,0.019068,4.810605,148.923200,0.000000,5.236085,0.422532,5.119537,4.885993,0.398201,4.885783
1.683333,50,RelaxedIdle_v5,0.184000,0,0.000000,0.000000,1.000000,5.000000,0.000000,5.000000,90.000000,5.354713,0.006439,5.210886,4.773264,0.019278,4.810524,149.094100,0.000000,5.238213,0.423669,5.122766,4.886898,0.400049,4.892532
1.700000,50,RelaxedIdle_v5,0.185840,0,0.000000,0.000000,1.000000,5.000000,0.000000,5.000000,90.000000,5.354745,0.006141,5.210918,4.773290,0.018971,4.810555,149.266700,0.000000,5.240756,0.424108,5.125799,4.887992,0.401112,4.899314
1.716667,51,RelaxedIdle_v5,0.187680,0,0.000000,0.000000,1.000000,5.000000,0.000000,5.000000,90.000000,5.354713,0.006439,5.210886,4.773263,0.019278,4.810525,149.441200,0.000000,5.243599,0.424937,5.128427,4.889169,0.402469,4.905763
1.733333,51,RelaxedIdle_v5,0.189520,0,0.000000,0.000000,1.000000,5.000000,0.000000,5.000000,90.000000,5.354665,0.006067,5.210881,4.773214,0.018900,4.810521,149.618100,0.000000,5.246853,0.424853,5.130651,4.890498,0.402792,4.911788
1.750000,52,RelaxedIdle_v5,0.191360,0,0.000000,0.000000,1.000000,5.000000,0.000000,5.000000,90.000000,5.354713,0.006439,5.210886,4.773263,0.019278,4.810525,149.797500,0.000000,5.250617,0.425276,5.132472,4.892153,0.403491,4.917203
1.766667,52,RelaxedIdle_v5,0.193200,0,0.000000,0.000000,1.000000,5.000000,0.000000,5.000000,90.000000,5.354585,0.006037,5.210782,4.773137,0.018876,4.810422,149.986000,0.000000,5.254623,0.424677,5.133776,4.893905,0.403017,4.921724
1.783333,53,RelaxedIdle_v5,0.195040,0,0.000000,0.000000,1.000000,5.000000,0.000000,5.000000,90.000000,5.354713,0.006439,5.210886,4.773263,0.019278,4.810524,150.165700,0.000000,5.259276,0.424618,5.134846,4.896242,0.402928,4.925478
1.800000,53,RelaxedIdle_v5,0.196880,0,0.000000,0.000000,1.000000,5.000000,0.000000,5.000000,90.000000,5.354523,0.006060,5.210752,4.773077,0.018907,4.810390,150.324200,0.000000,5.264025,0.423482,5.135192,4.898701,0.401579,4.927720
1.816667,54,RelaxedIdle_v5,0.198720,0,0.000000,0.000000,1.000000,5.000000,0.000000,5.000000,90.000000,5.354713,0.006439,5.210886,4.773263,0.019277,4.810524,150.452700,0.000000,5.269407,0.422844,5.135416,4.901855,0.400591,4.929170
1.833333,54,RelaxedIdle_v5,0.200560,0,0.000000,0.000000,1.000000,5.000000,0.000000,5.000000,90.000000,5.354513,0.006164,5.210736,4.773066,0.019007,4.810371,150.534700,0.000000,5.274549,0.421326,5.135048,4.904896,0.398623,4.929355
1.850000,55,RelaxedIdle_v5,0.202400,0,0.000000,0.000000,1.000000,5.000000,0.000000,5.000000,90.000000,5.354713,0.006439,5.210886,4.773264,0.019278,4.810524,150.579700,0.000000,5.280124,0.420151,5.134682,4.908517,0.396910,4.928985
1.866667,55,RelaxedIdle_v5,0.204240,0,0.000000,0.000000,1.000000,5.000000,0.000000,5.000000,90.000000,5.354477,0.006249,5.210739,4.773028,0.019089,4.810374,150.590600,0.000000,5.285178,0.418327,5.133709,4.911805,0.394500,4.927563
1.883333,56,RelaxedIdle_v5,0.206080,0,0.000000,0.000000,1.000000,5.000000,0.000000,5.000000,90.000000,5.354713,0.006439,5.210886,4.773263,0.019277,4.810524,150.570300,0.000000,5.290532,0.416749,5.132811,4.915600,0.392257,4.925782
1.900000,56,RelaxedIdle_v5,0.207920,0,0.000000,0.000000,1.000000,5.000000,0.000000,5.000000,90.000000,5.354424,0.006335,5.210747,4.772974,0.019172,4.810383,150.521500,0.000000,5.295111,0.414795,5.131474,4.918861,0.389536,4.923141
1.916667,57,RelaxedIdle_v5,0.209760,0,0.000000,0.000000,1.000000,5.000000,0.000000,5.000000,90.000000,5.354713,0.006439,5.210886,4.773263,0.019277,4.810524,150.447200,0.000000,5.299882,0.413018,5.130256,4.922565,0.386916,4.920307
1.933333,57,RelaxedIdle_v5,0.211600,0,0.000000,0.000000,1.000000,5.000000,0.000000,5.000000,90.000000,5.354434,0.006500,5.210720,4.772980,0.019333,4.810357,150.350200,0.000000,5.303558,0.411220,5.128526,4.925450,0.384204,4.916728
1.950000,58,RelaxedIdle_v5,0.213440,0,0.000000,0.000000,1.000000,5.000000,0.000000,5.000000,90.000000,5.354713,0.006439,5.210886,4.773263,0.019278,4.810525,150.233200,0.000000,5.307207,0.409397,5.127026,4.928561,0.381442,4.913267
1.966667,58,RelaxedIdle_v5,0.215280,0,0.000000,0.000000,1.000000,5.000000,0.000000,5.000000,90.000000,5.354438,0.006626,5.210742,4.772987,0.019464,4.810380,150.099300,0.000000,5.309605,0.408006,5.125173,4.930638,0.379135,4.909498
1.983333,59,RelaxedIdle_v5,0.217120,0,0.000000,0.000000,1.000000,5.000000,0.000000,5.000000,90.000000,5.354713,0.006439,5.210886,4.773263,0.019278,4.810524,149.951200,0.000000,5.311848,0.406457,5.123583,4.932811,0.376676,4.906004
2.000000,59,RelaxedIdle_v5,0.218960,0,0.000000,0.000000,1.000000,5.000000,0.000000,5.000000,90.000000,5.354475,0.006687,5.210766,4.773023,0.019524,4.810406,149.791600,0.000000,5.312789,0.405622,5.121732,4.933963,0.374924,4.902255
2.016667,60,RelaxedIdle_v5,0.220800,1,0.000000,0.000000,1.000000,5.000000,0.000000,5.000000,0.000003,4.789114,0.006439,5.354713,5.189476,0.019278,4.773263,59.623590,1.000000,4.879859,0.404555,5.313508,5.101148,0.372963,4.935147
2.033333,60,RelaxedIdle_v5,0.222640,1,0.000000,0.000000,1.000000,5.000000,0.000000,5.000000,0.000003,4.789114,0.006838,5.354712,5.189559,0.019675,4.773046,59.449920,1.000000,4.881680,0.404376,5.313240,5.104587,0.371878,4.935537
2.050000,61,RelaxedIdle_v5,0.224480,1,0.000000,0.000000,1.000000,5.000000,0.000000,5.000000,0.000003,4.789114,0.006439,5.354713,5.189475,0.019278,4.773264,59.273500,1.000000,4.883131,0.403704,5.312528,5.107529,0.370475,4.935794
2.066667,61,TurnLeft_v5,0.166667,0,0.000000,0.000000,1.000000,5.000000,0.000000,5.000000,0.000003,4.789114,0.006916,5.354713,5.189450,0.019756,4.773070,59.096360,1.000000,4.884404,0.404536,5.310345,5.110044,0.370697,4.934805
2.083333,62,TurnLeft_v5,0.222222,0,0.000000,0.000000,1.000000,5.000000,0.000000,5.000000,0.000003,4.789114,0.006439,5.354713,5.189476,0.019278,4.773264,58.923930,1.000000,4.885312,0.404744,5.307600,5.112058,0.370596,4.933570
2.100000,62,TurnLeft_v5,0.277778,0,0.000000,0.000000,1.000000,5.000000,0.000000,5.000000,0.000003,4.789114,0.006810,5.354713,5.189427,0.019650,4.773124,58.762130,1.000000,4.885668,0.406324,5.303908,5.113217,0.371981,4.931474
2.116667,63,TurnLeft_v5,0.333333,1,0.000000,0.000000,1.000000,5.000000,0.000000,5.000000,0.000003,4.789114,0.006439,5.354713,5.189476,0.019278,4.773264,58.611550,1.000000,4.885769,0.407371,5.299723,5.114006,0.373139,4.929132
2.133333,63,TurnLeft_v5,0.388889,1,0.000000,0.000000,1.000000,5.000000,0.000000,5.000000,0.000003,4.789121,0.006668,5.354694,5.189533,0.019507,4.773125,58.475640,1.000000,4.885778,0.409265,5.294634,5.114519,0.375318,4.925995
2.150000,64,TurnLeft_v5,0.444444,1,0.000000,0.000000,1.000000,5.000000,0.000000,5.000000,0.000003,4.789114,0.006439,5.354713,5.189476,0.019278,4.773264,58.351770,1.000000,4.885561,0.410786,5.289202,5.114766,0.377343,4.922682
2.166667,64,TurnLeft_v5,0.500000,1,0.000000,0.000000,1.000000,5.000000,0.000000,5.000000,0.000003,4.789119,0.006523,5.354668,5.189493,0.019362,4.773154,58.238830,1.000000,4.885508,0.412642,5.282961,5.115194,0.379860,4.918677
2.183333,65,TurnLeft_v5,0.555556,1,0.000000,0.000000,1.000000,5.000000,0.000000,5.000000,0.000003,4.789114,0.006439,5.354713,5.189476,0.019278,4.773264,58.135740,1.000000,4.885273,0.414308,5.276534,5.115505,0.382322,4.914616
2.200000,65,TurnLeft_v5,0.611111,1,0.000000,0.000000,1.000000,5.000000,0.000000,5.000000,0.000003,4.789073,0.006391,5.354675,5.189418,0.019231,4.773209,58.041390,1.000000,4.884673,0.416027,5.269741,5.115533,0.384879,4.910266
2.216667,66,TurnLeft_v5,0.666667,1,0.000000,0.000000,1.000000,5.000000,0.000000,5.000000,0.000003,4.789114,0.006439,5.354713,5.189476,0.019278,4.773264,57.954630,1.000000,4.884000,0.417739,5.262918,5.115609,0.387484,4.905968
2.233333,66,TurnLeft_v5,0.722222,1,0.000000,0.000000,1.000000,5.000000,0.000000,5.000000,0.000003,4.789096,0.006284,5.354714,5.189459,0.019125,4.773264,57.874360,1.000000,4.883158,0.419107,5.256040,5.115644,0.389752,4.901654
2.250000,67,CombatIdle_v5,0.014720,0,0.000000,0.000000,1.000000,5.000000,0.000000,5.000000,0.000003,4.789114,0.006439,5.354713,5.189475,0.019278,4.773264,57.799440,1.000000,4.882330,0.420594,5.249256,5.115835,0.392130,4.897445
2.266667,67,CombatIdle_v5,0.016560,0,0.000000,0.000000,1.000000,5.000000,0.000000,5.000000,0.000003,4.789067,0.006181,5.354749,5.189431,0.019023,4.773300,57.728730,1.000000,4.881544,0.421434,5.242701,5.116215,0.393837,4.893448
2.283333,68,CombatIdle_v5,0.018400,0,0.000000,0.000000,1.000000,5.000000,0.000000,5.000000,0.000003,4.789114,0.006439,5.354713,5.189476,0.019278,4.773263,57.661090,1.000000,4.880928,0.422568,5.236417,5.116935,0.395760,4.889643
2.300000,68,CombatIdle_v5,0.020240,0,0.000000,0.000000,1.000000,5.000000,0.000000,5.000000,0.000003,4.789048,0.006143,5.354769,5.189410,0.018983,4.773320,57.595330,1.000000,4.880283,0.422936,5.230765,5.117834,0.396781,4.886321
2.316667,69,CombatIdle_v5,0.022080,0,0.000000,0.000000,1.000000,5.000000,0.000000,5.000000,0.000003,4.789114,0.006439,5.354713,5.189476,0.019278,4.773264,57.530300,1.000000,4.879920,0.423698,5.225507,5.119171,0.398077,4.883223
2.333333,69,CombatIdle_v5,0.023920,0,0.000000,0.000000,1.000000,5.000000,0.000000,5.000000,0.000003,4.789052,0.006106,5.354824,5.189414,0.018947,4.773376,57.464830,1.000000,4.879622,0.423652,5.220862,5.120709,0.398466,4.880565
2.350000,70,CombatIdle_v5,0.025760,0,0.000000,0.000000,1.000000,5.000000,0.000000,5.000000,0.000003,4.789114,0.006439,5.354713,5.189476,0.019278,4.773264,57.397750,1.000000,4.879703,0.424087,5.216704,5.122716,0.399157,4.878124
2.366667,70,CombatIdle_v5,0.027600,0,0.000000,0.000000,1.000000,5.000000,0.000000,5.000000,0.000003,4.789069,0.006095,5.354829,5.189430,0.018931,4.773381,57.327900,1.000000,4.880013,0.423663,5.213824,5.124983,0.398716,4.876574
2.383333,71,CombatIdle_v5,0.029440,0,0.000000,0.000000,1.000000,5.000000,0.000000,5.000000,0.000003,4.789114,0.006439,5.354713,5.189476,0.019278,4.773264,57.254100,1.000000,4.880744,0.423780,5.211475,5.127715,0.398601,4.875245
2.400000,71,CombatIdle_v5,0.031280,0,0.000000,0.000000,1.000000,5.000000,0.000000,5.000000,0.000003,4.789091,0.006193,5.354859,5.189452,0.019027,4.773408,57.175210,1.000000,4.881794,0.423153,5.209964,5.130848,0.397536,4.874496
2.416667,72,CombatIdle_v5,0.033120,0,0.000000,0.000000,1.000000,5.000000,0.000000,5.000000,0.000003,4.789114,0.006439,5.354713,5.189476,0.019277,4.773263,57.090080,1.000000,4.883148,0.422918,5.208795,5.134244,0.396694,4.873804
2.433333,72,CombatIdle_v5,0.034960,0,0.000000,0.000000,1.000000,5.000000,0.000000,5.000000,0.000003,4.789076,0.006353,5.354987,5.189438,0.019188,4.773534,56.997620,1.000000,4.884608,0.422287,5.208685,5.137626,0.395302,4.873850
2.450000,73,CombatIdle_v5,0.036800,0,0.000000,0.000000,1.000000,5.000000,0.000000,5.000000,0.000003,4.789114,0.006439,5.354713,5.189476,0.019277,4.773264,56.896690,1.000000,4.886220,0.421795,5.208632,5.140978,0.393931,4.873698
2.466667,73,CombatIdle_v5,0.038640,0,0.000000,0.000000,1.000000,5.000000,0.000000,5.000000,0.000003,4.789084,0.006481,5.355000,5.189445,0.019320,4.773550,56.781780,1.000000,4.887712,0.421274,5.209780,5.143928,0.392430,4.874518
2.483333,74,CombatIdle_v5,0.040480,0,0.000000,0.000000,1.000000,5.000000,0.000000,5.000000,0.000003,4.789114,0.006439,5.354713,5.189476,0.019278,4.773264,56.665310,1.000000,4.889231,0.420669,5.210779,5.146683,0.390810,4.875003
2.500000,74,CombatIdle_v5,0.042320,0,0.000000,0.000000,1.000000,5.000000,0.000000,5.000000,0.000003,4.789070,0.006547,5.354901,5.189432,0.019386,4.773451,56.555140,1.000000,4.890653,0.420208,5.212512,5.149130,0.389354,4.876081
2.516667,75,CombatIdle_v5,0.044160,0,0.000000,0.000000,1.000000,5.000000,0.000000,5.000000,0.000003,4.789114,0.006439,5.354713,5.189475,0.019278,4.773263,56.459300,1.000000,4.892092,0.419540,5.213993,5.151397,0.387776,4.876781
2.533333,75,CombatIdle_v5,0.046000,0,0.000000,0.000000,1.000000,5.000000,0.000000,5.000000,0.000003,4.789046,0.006622,5.354860,5.189408,0.019461,4.773410,56.390130,1.000000,4.893347,0.419175,5.215719,5.153292,0.386682,4.877610
2.550000,76,CombatIdle_v5,0.047840,0,0.000000,0.000000,1.000000,5.000000,0.000000,5.000000,0.000003,4.789114,0.006439,5.354713,5.189476,0.019278,4.773264,56.342220,1.000000,4.894579,0.418492,5.217113,5.154963,0.385426,4.878041
2.566667,76,CombatIdle_v5,0.049680,0,0.000000,0.000000,1.000000,5.000000,0.000000,5.000000,0.000003,4.789052,0.006722,5.354887,5.189415,0.019562,4.773439,56.314580,1.000000,4.895457,0.418354,5.218781,5.156073,0.384879,4.878718
2.583333,77,CombatIdle_v5,0.051520,0,0.000000,0.000000,1.000000,5.000000,0.000000,5.000000,0.000003,4.789114,0.006439,5.354713,5.189476,0.019278,4.773264,56.306210,1.000000,4.896181,0.417756,5.220035,5.156802,0.384040,4.878991
2.600000,77,CombatIdle_v5,0.053360,0,0.000000,0.000000,1.000000,5.000000,0.000000,5.000000,0.000003,4.789054,0.006809,5.354913,5.189416,0.019650,4.773467,56.316110,1.000000,4.896450,0.417943,5.221582,5.156834,0.384167,4.879610
2.616667,78,CombatIdle_v5,0.055200,0,0.000000,0.000000,1.000000,5.000000,0.000000,5.000000,0.000003,4.789114,0.006439,5.354713,5.189476,0.019278,4.773264,56.343300,1.000000,4.896448,0.417548,5.222642,5.156334,0.383885,4.879825
2.633333,78,CombatIdle_v5,0.057040,1,0.000000,0.000000,1.000000,5.000000,0.000000,5.000000,0.000003,4.720877,0.018423,5.159432,5.055961,0.012210,5.100133,358.534100,1.000000,4.817347,0.429267,5.099798,5.080890,0.408573,5.022836
2.650000,79,CombatIdle_v5,0.058880,1,0.000000,0.000000,1.000000,5.000000,0.000000,5.000000,0.000003,4.727415,0.043633,5.186066,5.085774,0.030818,5.118804,358.769400,1.000000,4.823846,0.454907,5.116759,5.092132,0.430168,5.043499
2.666667,79,CombatIdle_v5,0.003680,0,0.000000,0.000000,1.000000,5.000000,0.000000,5.000000,0.000003,4.734989,0.061017,5.195212,5.112535,0.046858,5.131477,358.948400,1.000000,4.825625,0.476171,5.130748,5.104011,0.447740,5.060154
2.683333,80,CombatIdle_v5,0.005520,0,0.000000,0.000000,1.000000,5.000000,0.000000,5.000000,0.000003,4.743991,0.076035,5.194675,5.140438,0.063330,5.141638,359.110800,1.000000,4.824573,0.496865,5.144111,5.117467,0.464903,5.075949
2.700000,80,CombatIdle_v5,0.007360,0,0.000000,0.000000,1.000000,5.000000,0.000000,5.000000,0.000003,4.747816,0.094780,5.181756,5.178416,0.084097,5.152949,359.272300,1.000000,4.813074,0.524106,5.162394,5.136033,0.484321,5.094932
2.716667,81,CombatIdle_v5,0.009200,0,0.000000,0.000000,1.000000,5.000000,0.000000,5.000000,0.000003,4.756198,0.119644,5.159365,5.222331,0.109688,5.162701,359.432700,1.000000,4.795704,0.555789,5.181276,5.158048,0.506509,5.114882
2.733333,81,CombatIdle_v5,0.011040,0,0.000000,0.000000,1.000000,5.000000,0.000000,5.000000,0.000003,4.762424,0.156094,5.150743,5.273698,0.140533,5.170149,359.592100,1.000000,4.779747,0.592832,5.204865,5.182643,0.531157,5.131693
2.750000,82,CombatIdle_v5,0.012880,0,0.000000,0.000000,1.000000,5.000000,0.000000,5.000000,0.000003,4.775821,0.202828,5.141006,5.329298,0.178237,5.174238,359.750400,1.000000,4.760386,0.636187,5.228143,5.209937,0.559351,5.147337
2.766667,82,CombatIdle_v5,0.014720,0,0.000000,0.000000,1.000000,5.000000,0.000000,5.000000,0.000003,4.786074,0.233087,5.173651,5.380066,0.212392,5.165910,359.907700,1.000000,4.773544,0.670724,5.259872,5.232336,0.583271,5.146571
2.783333,83,CombatIdle_v5,0.016560,0,0.000000,0.000000,1.000000,5.000000,0.000000,5.000000,0.000003,4.794943,0.251184,5.209634,5.418202,0.236266,5.152448,0.001481,1.000000,4.794921,0.694057,5.285537,5.248319,0.597711,5.137826
2.800000,83,CombatIdle_v5,0.018400,0,0.000000,0.000000,1.000000,5.000000,0.000000,5.000000,0.000003,4.774496,0.224068,5.243608,5.419029,0.225505,5.125182,0.001481,1.000000,4.806039,0.674360,5.274231,5.238319,0.586591,5.111400
2.816667,84,CombatIdle_v5,0.020240,0,0.000000,0.000000,1.000000,5.000000,0.000000,5.000000,0.000003,4.758694,0.204247,5.279143,5.419942,0.218004,5.096295,0.001481,1.000000,4.815908,0.655501,5.260581,5.227314,0.577805,5.084498
2.833333,84,CombatIdle_v5,0.022080,0,0.000000,0.000000,1.000000,5.000000,0.000000,5.000000,0.000003,4.727078,0.181069,5.288415,5.411163,0.207462,5.062053,0.001481,1.000000,4.814663,0.627188,5.226939,5.214460,0.571172,5.066614
2.850000,85,CombatIdle_v5,0.023920,0,0.000000,0.000000,1.000000,5.000000,0.000000,5.000000,0.000003,4.698853,0.168234,5.295149,5.401962,0.199289,5.026749,0.001481,1.000000,4.813760,0.603318,5.190001,5.201300,0.566006,5.048470
2.866667,85,CombatIdle_v5,0.025760,0,0.000000,0.000000,1.000000,5.000000,0.000000,5.000000,0.000003,4.676020,0.177135,5.273509,5.386421,0.194833,4.982053,0.001481,1.000000,4.806790,0.606543,5.191045,5.190927,0.562299,5.052210
2.883333,86,CombatIdle_v5,0.027600,0,0.000000,0.000000,1.000000,5.000000,0.000000,5.000000,0.000003,4.655579,0.187426,5.251460,5.369978,0.196851,4.937395,0.001481,1.000000,4.799737,0.609711,5.191581,5.180367,0.558931,5.055740
2.900000,86,CombatIdle_v5,0.029440,0,0.000000,0.000000,1.000000,5.000000,0.000000,5.000000,0.000003,4.647527,0.208222,5.237074,5.342451,0.208260,4.878634,0.001481,1.000000,4.788927,0.625913,5.209477,5.168096,0.555509,5.054129
2.916667,87,CombatIdle_v5,0.031280,0,0.000000,0.000000,1.000000,5.000000,0.000000,5.000000,0.000003,4.639226,0.233782,5.221891,5.314759,0.229089,4.822919,0.001481,1.000000,4.778201,0.643627,5.225935,5.155747,0.552545,5.052227
2.933333,87,CombatIdle_v5,0.033120,0,0.000000,0.000000,1.000000,5.000000,0.000000,5.000000,0.000003,4.660783,0.247372,5.255347,5.280018,0.245642,4.779195,0.001481,1.000000,4.791715,0.655605,5.248446,5.139425,0.549684,5.039951
2.950000,88,CombatIdle_v5,0.034960,0,0.000000,0.000000,1.000000,5.000000,0.000000,5.000000,0.000003,4.682557,0.263091,5.286170,5.241088,0.266375,4.737833,0.001481,1.000000,4.806759,0.668654,5.269333,5.122443,0.547881,5.028392
2.966667,88,CombatIdle_v5,0.036800,0,0.000000,0.000000,1.000000,5.000000,0.000000,5.000000,0.000003,4.728955,0.268896,5.331741,5.207107,0.275185,4.719627,0.001481,1.000000,4.836559,0.678034,5.289195,5.109191,0.546866,5.023781
2.983333,89,CombatIdle_v5,0.038640,0,0.000000,0.000000,1.000000,5.000000,0.000000,5.000000,0.000003,4.778671,0.277914,5.372153,5.171087,0.285842,4.702982,0.001481,1.000000,4.867806,0.689009,5.305739,5.095719,0.546335,5.019763
3.000000,89,CombatIdle_v5,0.040480,0,0.000000,0.000000,1.000000,5.000000,0.000000,5.000000,0.000003,4.821209,0.283845,5.397641,5.151443,0.284940,4.702822,0.001481,1.000000,4.889739,0.696598,5.314498,5.089571,0.546103,5.019550
3.016667,90,CombatIdle_v5,0.042320,0,0.000000,0.000000,1.000000,5.000000,0.000000,5.000000,0.000003,4.865041,0.291702,5.419833,5.131875,0.284411,4.703231,0.001481,1.000000,4.911968,0.704920,5.321707,5.083416,0.545957,5.019530
3.033333,90,CombatIdle_v5,0.044160,0,0.000000,0.000000,1.000000,5.000000,0.000000,5.000000,0.000003,4.865041,0.291702,5.419833,5.131875,0.284411,4.703231,0.001481,1.000000,4.911968,0.704920,5.321707,5.083416,0.545957,5.019530
3.050000,91,CombatIdle_v5,0.046000,0,0.000000,0.000000,1.000000,5.000000,0.000000,5.000000,0.000003,4.865041,0.291702,5.419833,5.131875,0.284411,4.703231,0.001481,1.000000,4.911968,0.704920,5.321707,5.083416,0.545957,5.019530
3.066667,91,CombatIdle_v5,0.047840,0,0.000000,0.000000,1.000000,5.000000,0.000000,5.000000,0.000003,4.870887,0.293371,5.423449,5.131052,0.282925,4.704943,0.001481,1.000000,4.914318,0.706581,5.322855,5.083838,0.545973,5.019435
3.083333,92,CombatIdle_v5,0.049680,0,0.000000,0.000000,1.000000,5.000000,0.000000,5.000000,0.000003,4.890519,0.299252,5.435021,5.128428,0.278095,4.710746,0.001481,1.000000,4.922177,0.712199,5.326507,5.085242,0.546034,5.019108
3.100000,92,CombatIdle_v5,0.051520,0,0.000000,0.000000,1.000000,5.000000,0.000000,5.000000,0.000003,4.905662,0.304470,5.443854,5.127212,0.273850,4.716506,0.001481,1.000000,4.929505,0.717063,5.329378,5.087852,0.546131,5.018798
3.116667,93,CombatIdle_v5,0.053360,0,0.000000,0.000000,1.000000,5.000000,0.000000,5.000000,0.000003,4.915846,0.308637,5.450128,5.127401,0.270247,4.722171,0.001481,1.000000,4.936263,0.721032,5.331481,5.091772,0.546293,5.018508
3.133333,93,CombatIdle_v5,0.055200,0,0.000000,0.000000,1.000000,5.000000,0.000000,5.000000,0.000003,4.920881,0.310847,5.454251,5.126382,0.267794,4.727543,0.001481,1.000000,4.941694,0.723361,5.332529,5.094903,0.546385,5.018909
3.150000,94,CombatIdle_v5,0.057040,0,0.000000,0.000000,1.000000,5.000000,0.000000,5.000000,0.000003,4.923286,0.312064,5.457356,5.124714,0.266002,4.732754,0.001481,1.000000,4.946440,0.724818,5.333023,5.097631,0.546445,5.019668
3.166667,94,CombatIdle_v5,0.058880,0,0.000000,0.000000,1.000000,5.000000,0.000000,5.000000,0.000003,4.919107,0.310269,5.459169,5.125871,0.265558,4.738053,0.001481,1.000000,4.947973,0.723491,5.332144,5.100188,0.546303,5.022572
3.183333,95,CombatIdle_v5,0.060720,0,0.000000,0.000000,1.000000,5.000000,0.000000,5.000000,0.000003,4.913527,0.307969,5.460777,5.127734,0.265436,4.743411,0.001481,1.000000,4.948752,0.721554,5.330962,5.102733,0.546158,5.025970
3.200000,95,CombatIdle_v5,0.062560,0,0.000000,0.000000,1.000000,5.000000,0.000000,5.000000,0.000003,4.899529,0.301885,5.462106,5.137165,0.265634,4.751231,0.001481,1.000000,4.943984,0.715777,5.327914,5.106553,0.545888,5.033189
3.216667,96,CombatIdle_v5,0.064400,0,0.000000,0.000000,1.000000,5.000000,0.000000,5.000000,0.000003,4.884181,0.295640,5.463869,5.147471,0.264952,4.761029,0.001481,1.000000,4.938067,0.709432,5.324355,5.110207,0.545786,5.040501
3.233333,96,CombatIdle_v5,0.066240,0,0.000000,0.000000,1.000000,5.000000,0.000000,5.000000,0.000003,4.863582,0.287749,5.467668,5.161226,0.260196,4.778756,0.001481,1.000000,4.927808,0.700531,5.318909,5.113216,0.545799,5.048154
3.250000,97,CombatIdle_v5,0.068080,0,0.000000,0.000000,1.000000,5.000000,0.000000,5.000000,0.000003,4.842974,0.280411,5.473122,5.173961,0.252507,4.800346,0.001481,1.000000,4.916775,0.691306,5.312484,5.114859,0.545864,5.054552
3.266667,97,CombatIdle_v5,0.069920,0,0.000000,0.000000,1.000000,5.000000,0.000000,5.000000,0.000003,4.822266,0.273918,5.481615,5.184456,0.240293,4.828564,0.001481,1.000000,4.904578,0.681400,5.304591,5.114306,0.545804,5.058864
3.283333,98,CombatIdle_v5,0.071760,0,0.000000,0.000000,1.000000,5.000000,0.000000,5.000000,0.000003,4.804991,0.269310,5.493457,5.193132,0.226678,4.859806,0.001481,1.000000,4.892919,0.671722,5.295825,5.115005,0.545903,5.061818
3.300000,98,CombatIdle_v5,0.073600,0,0.000000,0.000000,1.000000,5.000000,0.000000,5.000000,0.000003,4.789679,0.267445,5.507818,5.199763,0.213113,4.893836,0.001481,1.000000,4.881773,0.662318,5.286229,5.116710,0.546116,5.063733
3.316667,99,CombatIdle_v5,0.075440,0,0.000000,0.000000,1.000000,5.000000,0.000000,5.000000,0.000003,4.783356,0.265208,5.519344,5.206975,0.199975,4.927789,0.001481,1.000000,4.872523,0.653873,5.276748,5.124624,0.547101,5.065233
3.333333,99,CombatIdle_v5,0.077280,0,0.000000,0.000000,1.000000,5.000000,0.000000,5.000000,0.000003,4.779376,0.264375,5.529738,5.213756,0.189239,4.962288,0.001481,1.000000,4.864043,0.645997,5.267037,5.134692,0.548607,5.066585
3.350000,100,CombatIdle_v5,0.079120,0,0.000000,0.000000,1.000000,5.000000,0.000000,5.000000,0.000003,4.787465,0.259628,5.524564,5.225078,0.185275,4.990068,0.001481,1.000000,4.864373,0.644777,5.265842,5.147593,0.551347,5.076688
3.366667,100,CombatIdle_v5,0.080960,0,0.000000,0.000000,1.000000,5.000000,0.000000,5.000000,0.000003,4.796652,0.254086,5.516425,5.236773,0.183339,5.017034,0.001481,1.000000,4.865120,0.644077,5.265282,5.159769,0.554776,5.087556
3.383333,101,CombatIdle_v5,0.082800,0,0.000000,0.000000,1.000000,5.000000,0.000000,5.000000,0.000003,4.805974,0.241328,5.492482,5.247098,0.182316,5.041808,0.001481,1.000000,4.862894,0.643094,5.263712,5.163780,0.557017,5.099548
3.400000,101,CombatIdle_v5,0.084640,0,0.000000,0.000000,1.000000,5.000000,0.000000,5.000000,0.000003,4.813058,0.230314,5.467176,5.254833,0.181471,5.066981,0.001481,1.000000,4.860698,0.641433,5.261382,5.166294,0.559285,5.111127
3.416667,102,CombatIdle_v5,0.086480,0,0.000000,0.000000,1.000000,5.000000,0.000000,5.000000,0.000003,4.814844,0.219916,5.438578,5.256647,0.179602,5.092751,0.001481,1.000000,4.858620,0.637971,5.257035,5.165562,0.560901,5.121516
3.433333,102,CombatIdle_v5,0.088320,0,0.000000,0.000000,1.000000,5.000000,0.000000,5.000000,0.000003,4.814180,0.212005,5.413777,5.256749,0.177821,5.115792,0.001481,1.000000,4.857551,0.633350,5.251478,5.164134,0.562211,5.129812
3.450000,103,CombatIdle_v5,0.090160,0,0.000000,0.000000,1.000000,5.000000,0.000000,5.000000,0.000003,4.810719,0.205806,5.393022,5.255299,0.175827,5.135651,0.001481,1.000000,4.857811,0.627401,5.244450,5.162128,0.563017,5.135676
3.466667,103,CombatIdle_v5,0.092000,0,0.000000,0.000000,1.000000,5.000000,0.000000,5.000000,0.000003,4.804830,0.200760,5.377830,5.251322,0.173102,5.151807,0.001481,1.000000,4.859106,0.621072,5.236841,5.159021,0.563070,5.139094
3.483333,104,CombatIdle_v5,0.093840,0,0.000000,0.000000,1.000000,5.000000,0.000000,5.000000,0.000003,4.797377,0.196249,5.364897,5.245744,0.170055,5.165898,0.001481,1.000000,4.861181,0.614655,5.228861,5.155318,0.562699,5.141114
3.500000,104,CombatIdle_v5,0.095680,0,0.000000,0.000000,1.000000,5.000000,0.000000,5.000000,0.000003,4.785010,0.195313,5.361455,5.238883,0.166492,5.176256,0.001481,1.000000,4.864271,0.608403,5.220873,5.150698,0.561688,5.141157
3.516667,105,CombatIdle_v5,0.097520,0,0.000000,0.000000,1.000000,5.000000,0.000000,5.000000,0.000003,4.776742,0.174579,5.343734,5.222857,0.146250,5.168831,0.512139,1.000000,4.857815,0.588256,5.210660,5.143348,0.543474,5.128893
3.533333,105,CombatIdle_v5,0.099360,0,0.000000,0.000000,1.000000,5.000000,0.000000,5.000000,0.000003,4.770037,0.153529,5.330147,5.212862,0.127479,5.156507,2.382020,1.000000,4.851893,0.568218,5.203094,5.137975,0.525874,5.115154
3.550000,106,CombatIdle_v5,0.101200,0,0.000000,0.000000,1.000000,5.000000,0.000000,5.000000,0.000003,4.764303,0.132311,5.321126,5.208722,0.109780,5.139109,5.638655,1.000000,4.846449,0.548364,5.198308,5.134423,0.508629,5.099836
3.566667,106,CombatIdle_v5,0.103040,0,0.000000,0.000000,1.000000,5.000000,0.000000,5.000000,0.000003,4.759455,0.110992,5.317008,5.209938,0.092820,5.115339,10.297790,1.000000,4.841811,0.528633,5.196408,5.132736,0.491445,5.082302
3.583333,107,CombatIdle_v5,0.104880,0,0.000000,0.000000,1.000000,5.000000,0.000000,5.000000,0.000003,4.756007,0.089938,5.317786,5.215366,0.076735,5.082580,16.363660,1.000000,4.838830,0.509194,5.197042,5.133103,0.474408,5.061001
3.600000,107,CombatIdle_v5,0.106720,0,0.000000,0.000000,1.000000,5.000000,0.000000,5.000000,0.000003,4.755119,0.069324,5.323361,5.222640,0.061637,5.037557,23.823410,1.000000,4.838870,0.489946,5.199532,5.135545,0.457500,5.033728
3.616667,108,CombatIdle_v5,0.108560,0,0.000000,0.000000,1.000000,5.000000,0.000000,5.000000,0.000003,4.758584,0.049795,5.332764,5.227566,0.048160,4.976592,32.638710,1.000000,4.843625,0.471166,5.202249,5.139376,0.441149,4.997251
3.633333,108,CombatIdle_v5,0.110400,0,0.000000,0.000000,1.000000,5.000000,0.000000,5.000000,0.000003,4.768531,0.031838,5.344530,5.223653,0.036828,4.897588,42.728550,1.000000,4.854769,0.452887,5.203007,5.142569,0.425592,4.948346
3.650000,109,CombatIdle_v5,0.112240,0,0.000000,0.000000,1.000000,5.000000,0.000000,5.000000,0.000003,4.786901,0.016073,5.355214,5.202510,0.028355,4.800683,53.951340,1.000000,4.873341,0.435223,5.197840,5.141234,0.411177,4.883472
3.666667,109,CombatIdle_v5,0.114080,0,0.000000,0.000000,1.000000,5.000000,0.000000,5.000000,0.000003,4.789095,0.006586,5.354918,5.189457,0.019425,4.773467,57.364400,1.000000,4.878639,0.424114,5.194215,5.138909,0.399902,4.861636
3.683333,110,CombatIdle_v5,0.115920,0,0.000000,0.000000,1.000000,5.000000,0.000000,5.000000,0.000003,4.789114,0.006439,5.354713,5.189475,0.019277,4.773263,57.303720,1.000000,4.880857,0.423258,5.194870,5.142096,0.398341,4.861633
3.700000,110,CombatIdle_v5,0.117760,0,0.000000,0.000000,1.000000,5.000000,0.000000,5.000000,0.000003,4.789087,0.006716,5.354957,5.189449,0.019555,4.773508,57.252480,1.000000,4.882774,0.422899,5.196026,5.144764,0.397336,4.862163
3.716667,111,CombatIdle_v5,0.119600,0,0.000000,0.000000,1.000000,5.000000,0.000000,5.000000,0.000003,4.789114,0.006439,5.354713,5.189475,0.019278,4.773264,57.210990,1.000000,4.884422,0.422087,5.196721,5.146927,0.395960,4.862288
3.733333,111,CombatIdle_v5,0.121440,0,0.000000,0.000000,1.000000,5.000000,0.000000,5.000000,0.000003,4.789077,0.006814,5.354988,5.189439,0.019654,4.773541,57.179560,1.000000,4.885601,0.422064,5.197922,5.148368,0.395491,4.863011
3.750000,112,CombatIdle_v5,0.123280,0,0.000000,0.000000,1.000000,5.000000,0.000000,5.000000,0.000003,4.789114,0.006439,5.354713,5.189476,0.019278,4.773264,57.158490,1.000000,4.886443,0.421433,5.198555,5.149194,0.394544,4.863260
3.766667,112,CombatIdle_v5,0.125120,0,0.000000,0.000000,1.000000,5.000000,0.000000,5.000000,0.000003,4.789058,0.006802,5.354977,5.189420,0.019642,4.773530,57.148090,1.000000,4.886714,0.421713,5.199696,5.149144,0.394665,4.864141
3.783333,113,CombatIdle_v5,0.126960,0,0.000000,0.000000,1.000000,5.000000,0.000000,5.000000,0.000003,4.789114,0.006439,5.354713,5.189475,0.019278,4.773264,57.148670,1.000000,4.886727,0.421400,5.200267,5.148519,0.394347,4.864558
3.800000,113,CombatIdle_v5,0.128800,0,0.000000,0.000000,1.000000,5.000000,0.000000,5.000000,0.000003,4.789032,0.006710,5.354920,5.189394,0.019549,4.773472,57.160510,1.000000,4.886328,0.421819,5.201251,5.147119,0.394928,4.865510
